cpu_label,phase,request_index,request_id,item_id,status,error_type,tcp_connect_ms,tcp_connect_error,total_elapsed_ms,cgroup_nr_periods_delta,cgroup_nr_throttled_delta,cgroup_throttled_time_delta_ns
0.1,immediate,1,8ee341de,Q_001,fail,read_timeout,19.4,,10022.2,664,664,0
0.1,immediate,2,2a9f4a1a,Q_002,fail,read_timeout,15.5,,10017.3,664,664,0
0.1,immediate,3,812592f2,Q_003,success,,14.8,,6091.1,664,664,0
0.1,immediate,4,52fbfbd4,Q_004,success,,19.0,,682.3,664,664,0
0.1,immediate,5,01bf4065,Q_005,success,,14.1,,485.7,664,664,0
0.1,immediate,6,660c9c71,Q_006,success,,16.5,,779.0,664,664,0
0.1,immediate,7,8fad576f,Q_007,success,,0.4,,500.9,664,664,0
0.1,immediate,8,3a631246,Q_008,success,,0.6,,502.0,664,664,0
0.1,immediate,9,dc647332,Q_009,success,,16.6,,581.8,664,664,0
0.1,immediate,10,731abb1e,Q_010,success,,9.7,,689.2,664,664,0
0.1,immediate,11,b8e71ad2,Q_011,success,,20.7,,577.9,664,664,0
0.1,immediate,12,1b4625f9,Q_012,success,,15.7,,486.0,664,664,0
0.1,immediate,13,c7836a71,Q_013,success,,0.5,,699.3,664,664,0
0.1,immediate,14,5f1efc92,Q_014,success,,25.0,,573.0,664,664,0
0.1,immediate,15,f850f7dd,Q_015,success,,10.9,,487.4,664,664,0
0.1,immediate,16,26ab4406,Q_016,success,,16.6,,485.3,664,664,0
0.1,immediate,17,18bab33a,Q_017,success,,12.3,,490.7,664,664,0
0.1,immediate,18,2229054d,Q_018,success,,0.4,,795.8,664,664,0
0.1,immediate,19,668c17cd,Q_019,success,,0.5,,500.1,664,664,0
0.1,immediate,20,02840109,Q_020,success,,11.0,,589.3,664,664,0
0.1,immediate,21,da5e057b,Q_001,fail,read_timeout,12.8,,10030.5,664,664,0
0.1,immediate,22,87191386,Q_002,fail,read_timeout,0.5,,10013.9,664,664,0
0.1,immediate,23,90ed9684,Q_003,success,,0.5,,5539.1,664,664,0
0.1,immediate,24,56ed5208,Q_004,success,,18.9,,581.5,664,664,0
0.1,immediate,25,6ef3177f,Q_005,success,,24.1,,773.9,664,664,0
0.1,immediate,26,b0d942c8,Q_006,success,,23.9,,574.6,664,664,0
0.1,immediate,27,475752ae,Q_007,success,,0.5,,400.8,664,664,0
0.1,immediate,28,77849237,Q_008,success,,0.5,,501.0,664,664,0
0.1,immediate,29,5e9943a2,Q_009,success,,0.5,,700.2,664,664,0
0.1,immediate,30,21ee4ca1,Q_010,success,,22.3,,774.2,664,664,0
0.1,steady,1,867cf909,Q_001,fail,read_timeout,2.8,,10005.5,673,673,0
0.1,steady,2,7439e40a,Q_002,fail,read_timeout,15.1,,10005.4,673,673,0
0.1,steady,3,2d2a862b,Q_003,success,,15.1,,8440.0,673,673,0
0.1,steady,4,8b41c19c,Q_004,success,,13.6,,584.7,673,673,0
0.1,steady,5,5d7ed6e7,Q_005,success,,20.9,,481.5,673,673,0
0.1,steady,6,87e929fa,Q_006,success,,0.4,,498.9,673,673,0
0.1,steady,7,d6e8374e,Q_007,success,,0.6,,599.8,673,673,0
0.1,steady,8,88970fa2,Q_008,success,,14.6,,483.7,673,673,0
0.1,steady,9,060785e9,Q_009,success,,0.5,,500.1,673,673,0
0.1,steady,10,7dcfc7c8,Q_010,success,,11.7,,584.9,673,673,0
0.1,steady,11,64ec4539,Q_011,success,,0.5,,404.9,673,673,0
0.1,steady,12,a0642349,Q_012,success,,21.1,,575.7,673,673,0
0.1,steady,13,acc9aa7a,Q_013,success,,14.0,,486.2,673,673,0
0.1,steady,14,e031bf71,Q_014,success,,0.5,,497.3,673,673,0
0.1,steady,15,01e1fcb8,Q_015,success,,12.0,,488.5,673,673,0
0.1,steady,16,414e3135,Q_016,success,,21.1,,578.7,673,673,0
0.1,steady,17,34d5061b,Q_017,success,,23.4,,477.3,673,673,0
0.1,steady,18,bc1df622,Q_018,success,,20.9,,480.1,673,673,0
0.1,steady,19,139308f7,Q_019,success,,13.0,,684.8,673,673,0
0.1,steady,20,ca239c8a,Q_020,success,,0.4,,699.1,673,673,0
0.1,steady,21,0dacf6d5,Q_001,success,,21.7,,578.9,673,673,0
0.1,steady,22,d7df759a,Q_002,fail,read_timeout,13.6,,10003.9,673,673,0
0.1,steady,23,651b0627,Q_003,fail,read_timeout,14.2,,10018.6,673,673,0
0.1,steady,24,7b88da9d,Q_004,success,,11.2,,5336.5,673,673,0
0.1,steady,25,2100d40f,Q_005,success,,16.8,,482.6,673,673,0
0.1,steady,26,4bfea06c,Q_006,success,,23.0,,575.0,673,673,0
0.1,steady,27,436ba93c,Q_007,success,,0.6,,498.9,673,673,0
0.1,steady,28,e2171f73,Q_008,success,,16.9,,484.9,673,673,0
0.1,steady,29,efc2942c,Q_009,success,,10.5,,686.9,673,673,0
0.1,steady,30,99e8b68d,Q_010,success,,14.8,,487.3,673,673,0
0.25,immediate,1,daaebea3,Q_001,success,,2.7,,202.0,992,991,0
0.25,immediate,2,a1d6debb,Q_002,success,,20.1,,182.5,992,991,0
0.25,immediate,3,f55c2453,Q_003,success,,0.5,,199.8,992,991,0
0.25,immediate,4,142280a9,Q_004,success,,0.5,,294.7,992,991,0
0.25,immediate,5,a59c53a6,Q_005,success,,0.4,,197.8,992,991,0
0.25,immediate,6,93d63566,Q_006,success,,21.1,,177.8,992,991,0
0.25,immediate,7,a96d414d,Q_007,success,,16.4,,89.6,992,991,0
0.25,immediate,8,79cef7fe,Q_008,success,,0.5,,197.8,992,991,0
0.25,immediate,9,37d1bc67,Q_009,success,,0.4,,197.5,992,991,0
0.25,immediate,10,62173652,Q_010,success,,0.6,,201.4,992,991,0
0.25,immediate,11,07926abb,Q_011,success,,0.5,,198.8,992,991,0
0.25,immediate,12,c173e1f0,Q_012,success,,18.3,,181.9,992,991,0
0.25,immediate,13,ff39d593,Q_013,success,,0.6,,199.9,992,991,0
0.25,immediate,14,cb577c0a,Q_014,success,,0.5,,990.6,992,991,0
0.25,immediate,15,576d7770,Q_015,success,,15.9,,1685.2,992,991,0
0.25,immediate,16,0562384b,Q_016,success,,17.8,,9781.3,992,991,0
0.25,immediate,17,a4d46374,Q_017,success,,19.3,,6879.7,992,991,0
0.25,immediate,18,1d285e32,Q_018,success,,14.2,,3985.9,992,991,0
0.25,immediate,19,b967b59a,Q_019,success,,18.8,,3978.3,992,991,0
0.25,immediate,20,8e6839bd,Q_020,success,,0.8,,5300.5,992,991,0
0.25,immediate,21,f4265767,Q_001,success,,0.5,,5698.0,992,991,0
0.25,immediate,22,7b9264ab,Q_002,success,,12.2,,4589.2,992,991,0
0.25,immediate,23,4fdd7ea0,Q_003,success,,24.0,,5672.9,992,991,0
0.25,immediate,24,2700d3de,Q_004,success,,0.9,,8299.8,992,991,0
0.25,immediate,25,5094f1f3,Q_005,success,,0.8,,4099.2,992,991,0
0.25,immediate,26,1fcdd35d,Q_006,success,,14.9,,5782.6,992,991,0
0.25,immediate,27,9fab9d0c,Q_007,success,,0.7,,8800.4,992,991,0
0.25,immediate,28,e2eadc3a,Q_008,success,,21.5,,4977.3,992,991,0
0.25,immediate,29,549bfd72,Q_009,success,,17.6,,7182.4,992,991,0
0.25,immediate,30,d0c5ac15,Q_010,success,,0.9,,7898.7,992,991,0
0.25,steady,1,64a0cc20,Q_001,success,,17.6,,5837.2,1189,1189,0
0.25,steady,2,d2d54949,Q_002,success,,0.7,,6098.8,1189,1189,0
0.25,steady,3,3d38a48d,Q_003,success,,0.7,,2599.0,1189,1189,0
0.25,steady,4,95c87f95,Q_004,success,,0.6,,5000.3,1189,1189,0
0.25,steady,5,5370df7f,Q_005,fail,read_timeout,12.3,,10023.6,1189,1189,0
0.25,steady,6,9a29098f,Q_006,success,,11.3,,8051.3,1189,1189,0
0.25,steady,7,ab8e9356,Q_007,success,,12.7,,6984.8,1189,1189,0
0.25,steady,8,1e5b3ada,Q_008,success,,12.0,,7587.6,1189,1189,0
0.25,steady,9,b9babc5c,Q_009,success,,0.8,,5498.6,1189,1189,0
0.25,steady,10,b8289e39,Q_010,success,,18.8,,5382.3,1189,1189,0
0.25,steady,11,fea31952,Q_011,fail,read_timeout,0.4,,10023.3,1189,1189,0
0.25,steady,12,f6a39e5b,Q_012,fail,read_timeout,15.0,,10016.0,1189,1189,0
0.25,steady,13,20cc5cc4,Q_013,fail,read_timeout,0.5,,10024.9,1189,1189,0
0.25,steady,14,745931bc,Q_014,fail,read_timeout,14.8,,10012.6,1189,1189,0
0.25,steady,15,5bd2cfb5,Q_015,fail,read_timeout,14.8,,10025.9,1189,1189,0
0.25,steady,16,b611ab13,Q_016,success,,15.7,,2639.4,1189,1189,0
0.25,steady,17,20d048c9,Q_017,success,,14.3,,183.6,1189,1189,0
0.25,steady,18,f2707022,Q_018,success,,0.4,,198.7,1189,1189,0
0.25,steady,19,00cccaff,Q_019,success,,0.4,,201.5,1189,1189,0
0.25,steady,20,bb058f89,Q_020,success,,0.5,,291.0,1189,1189,0
0.25,steady,21,b1dc6a43,Q_001,success,,11.8,,190.1,1189,1189,0
0.25,steady,22,985d88ac,Q_002,success,,14.4,,185.0,1189,1189,0
0.25,steady,23,f423b651,Q_003,success,,0.4,,197.8,1189,1189,0
0.25,steady,24,8c366721,Q_004,success,,23.5,,85.0,1189,1189,0
0.25,steady,25,e4f9c6bc,Q_005,success,,17.2,,183.1,1189,1189,0
0.25,steady,26,3601508e,Q_006,success,,15.8,,275.6,1189,1189,0
0.25,steady,27,066f1a82,Q_007,success,,11.9,,95.3,1189,1189,0
0.25,steady,28,10eda95e,Q_008,success,,0.5,,291.9,1189,1189,0
0.25,steady,29,0202244a,Q_009,success,,11.8,,186.3,1189,1189,0
0.25,steady,30,c7e97fd7,Q_010,success,,10.4,,99.0,1189,1189,0
1.0,immediate,1,1af81721,Q_001,success,,2.5,,41.6,14,6,0
1.0,immediate,2,202a5fa6,Q_002,success,,21.9,,33.7,14,6,0
1.0,immediate,3,28a5c803,Q_003,success,,21.6,,21.8,14,6,0
1.0,immediate,4,9391f1d3,Q_004,success,,0.4,,40.1,14,6,0
1.0,immediate,5,03b33f1a,Q_005,success,,0.5,,45.5,14,6,0
1.0,immediate,6,ba5e470c,Q_006,success,,0.5,,36.5,14,6,0
1.0,immediate,7,67b04578,Q_007,success,,0.4,,42.5,14,6,0
1.0,immediate,8,b9fe787c,Q_008,success,,11.1,,36.3,14,6,0
1.0,immediate,9,f5b97faa,Q_009,success,,17.4,,31.2,14,6,0
1.0,immediate,10,00741b21,Q_010,success,,0.5,,21.8,14,6,0
1.0,immediate,11,1cbd4ba4,Q_011,success,,18.9,,32.3,14,6,0
1.0,immediate,12,1edf172a,Q_012,success,,25.2,,35.6,14,6,0
1.0,immediate,13,a4203ac8,Q_013,success,,0.5,,43.0,14,6,0
1.0,immediate,14,57ab9810,Q_014,success,,0.6,,35.1,14,6,0
1.0,immediate,15,cc972fbe,Q_015,success,,0.5,,31.2,14,6,0
1.0,immediate,16,258a1105,Q_016,success,,0.4,,56.3,14,6,0
1.0,immediate,17,4abedc7c,Q_017,success,,0.4,,40.9,14,6,0
1.0,immediate,18,4a076310,Q_018,success,,0.4,,41.1,14,6,0
1.0,immediate,19,fc4bf69a,Q_019,success,,0.5,,31.7,14,6,0
1.0,immediate,20,c62f484a,Q_020,success,,0.5,,20.4,14,6,0
1.0,immediate,21,e80818d3,Q_001,success,,0.5,,67.5,14,6,0
1.0,immediate,22,b92f7afd,Q_002,success,,0.5,,22.9,14,6,0
1.0,immediate,23,1afe88a6,Q_003,success,,0.5,,68.8,14,6,0
1.0,immediate,24,39d327d5,Q_004,success,,0.4,,21.2,14,6,0
1.0,immediate,25,0ff05b66,Q_005,success,,0.4,,35.0,14,6,0
1.0,immediate,26,d4459af5,Q_006,success,,0.5,,52.5,14,6,0
1.0,immediate,27,d6c64bc8,Q_007,success,,0.4,,20.8,14,6,0
1.0,immediate,28,38c0960f,Q_008,success,,13.8,,56.3,14,6,0
1.0,immediate,29,b22de849,Q_009,success,,0.4,,31.8,14,6,0
1.0,immediate,30,71f2dc04,Q_010,success,,0.5,,20.5,14,6,0
1.0,steady,1,a3785fa4,Q_001,success,,2.6,,298.4,105,104,0
1.0,steady,2,1590e662,Q_002,success,,10.8,,487.0,105,104,0
1.0,steady,3,5e7e8782,Q_003,success,,13.6,,285.7,105,104,0
1.0,steady,4,332926f5,Q_004,success,,11.6,,287.4,105,104,0
1.0,steady,5,99f1c5f5,Q_005,success,,0.8,,399.0,105,104,0
1.0,steady,6,943dd14e,Q_006,success,,15.8,,382.7,105,104,0
1.0,steady,7,f21dc204,Q_007,success,,0.6,,101.5,105,104,0
1.0,steady,8,399a31f7,Q_008,success,,10.5,,287.6,105,104,0
1.0,steady,9,e7b0bf8b,Q_009,success,,22.3,,376.6,105,104,0
1.0,steady,10,fcf5d7c3,Q_010,success,,0.8,,598.1,105,104,0
1.0,steady,11,b2a0dd2a,Q_011,success,,0.9,,300.6,105,104,0
1.0,steady,12,bbd81e29,Q_012,success,,1.0,,396.7,105,104,0
1.0,steady,13,e5fc3ada,Q_013,success,,14.2,,388.0,105,104,0
1.0,steady,14,9554b6b3,Q_014,success,,14.8,,89.3,105,104,0
1.0,steady,15,993208cd,Q_015,success,,18.5,,376.9,105,104,0
1.0,steady,16,a6ed343d,Q_016,success,,12.6,,290.8,105,104,0
1.0,steady,17,44429386,Q_017,success,,13.4,,282.2,105,104,0
1.0,steady,18,96975426,Q_018,success,,13.1,,284.3,105,104,0
1.0,steady,19,7534e070,Q_019,success,,23.6,,85.4,105,104,0
1.0,steady,20,f081f7b6,Q_020,success,,0.6,,196.6,105,104,0
1.0,steady,21,49966e94,Q_001,success,,11.2,,582.3,105,104,0
1.0,steady,22,9d61855f,Q_002,success,,20.9,,178.6,105,104,0
1.0,steady,23,c31790d0,Q_003,success,,21.4,,84.9,105,104,0
1.0,steady,24,d6e20731,Q_004,success,,23.2,,474.4,105,104,0
1.0,steady,25,83743b7a,Q_005,success,,11.7,,584.5,105,104,0
1.0,steady,26,efe75c85,Q_006,success,,12.7,,387.4,105,104,0
1.0,steady,27,867b2036,Q_007,success,,16.6,,581.0,105,104,0
1.0,steady,28,6c2edaca,Q_008,success,,11.3,,190.7,105,104,0
1.0,steady,29,634d6ef9,Q_009,success,,13.5,,384.2,105,104,0
1.0,steady,30,988c2ee1,Q_010,success,,10.9,,289.8,105,104,0
