config,simulated_delay_ms,item_id,ok,predicted_label,similarity_score,server_embedding_ms,server_similarity_ms,server_total_processing_ms,client_http_round_trip_ms,end_to_end_ms
"cloud (pure-cloud baseline, WAN)",20,Q_001,True,Weakly Aligned,0.4337548315525055,116.15300500034209,0.14734300020791125,116.30480900021212,161.0301000182517,181.0301000182517
"cloud (pure-cloud baseline, WAN)",20,Q_002,True,Weakly Aligned,0.4071418046951294,7.262350000019069,0.1627020001251367,7.430295000631304,10.614399972837418,30.61439997283742
"cloud (pure-cloud baseline, WAN)",20,Q_003,True,Aligned,0.5696220993995667,7.958768000207783,0.06605299950024346,8.027828000194859,54.73540001548827,74.73540001548827
"cloud (pure-cloud baseline, WAN)",20,Q_004,True,Weakly Aligned,0.426113486289978,8.339718999195611,0.07264599935297156,8.41555600072752,52.05200001364574,72.05200001364574
"cloud (pure-cloud baseline, WAN)",20,Q_005,True,Weakly Aligned,0.3539137840270996,8.18207700012863,0.06356900030368706,8.249081999565533,55.007000046316534,75.00700004631653
"cloud (pure-cloud baseline, WAN)",20,Q_006,True,Weakly Aligned,0.4058098793029785,11.000860000422108,0.06483000015578,11.06831999913993,54.593599983491,74.593599983491
"cloud (pure-cloud baseline, WAN)",20,Q_007,True,Weakly Aligned,0.4804234802722931,8.125568999275856,0.08620199969300302,8.215962000576837,52.54810000769794,72.54810000769794
"cloud (pure-cloud baseline, WAN)",20,Q_008,True,Weakly Aligned,0.4558425545692444,6.826384000305552,0.0693239999236539,6.898972999806574,50.579700036905706,70.5797000369057
"cloud (pure-cloud baseline, WAN)",20,Q_009,True,Weakly Aligned,0.3963054418563843,8.476685000459838,0.07796199952281313,8.55830100044841,52.91440000291914,72.91440000291914
"cloud (pure-cloud baseline, WAN)",20,Q_010,True,Weakly Aligned,0.47404536604881287,7.535318000009283,0.06548700002895202,7.603736999953981,50.84829998668283,70.84829998668283
"cloud (pure-cloud baseline, WAN)",20,Q_011,True,Weakly Aligned,0.47678834199905396,6.781725000109873,0.06683500032522716,6.8520579998221365,50.64239999046549,70.64239999046549
"cloud (pure-cloud baseline, WAN)",20,Q_012,True,Weakly Aligned,0.3971976935863495,8.574038000006112,0.06403899988072226,8.641403000183345,53.74090000987053,73.74090000987053
"cloud (pure-cloud baseline, WAN)",20,Q_013,True,Weakly Aligned,0.4805901050567627,7.03846199940017,0.06639700040977914,7.107905999873765,54.08299999544397,74.08299999544397
"cloud (pure-cloud baseline, WAN)",20,Q_014,True,Weakly Aligned,0.38891181349754333,9.992422999857808,0.07304100017790915,10.06900799984578,54.70679997233674,74.70679997233674
"cloud (pure-cloud baseline, WAN)",20,Q_015,True,Weakly Aligned,0.34370970726013184,9.029353999721934,0.07501599975512363,9.107711000069685,54.54079998889938,74.54079998889938
"cloud (pure-cloud baseline, WAN)",20,Q_016,True,Weakly Aligned,0.3224361836910248,6.856193000203348,0.06657199992332608,6.926499000655895,49.643399950582534,69.64339995058253
"cloud (pure-cloud baseline, WAN)",20,Q_017,True,Aligned,0.6032370328903198,8.54174000050989,0.06500400013464969,8.610099000179616,52.486600005067885,72.48660000506788
"cloud (pure-cloud baseline, WAN)",20,Q_018,True,Weakly Aligned,0.3878196179866791,8.91177300036361,0.08918699950299924,9.004622999782441,55.89650000911206,75.89650000911206
"cloud (pure-cloud baseline, WAN)",20,Q_019,True,Weakly Aligned,0.3595411479473114,9.109067000281357,0.0669959999868297,9.179770000628196,54.99129998497665,74.99129998497665
"cloud (pure-cloud baseline, WAN)",20,Q_020,True,Weakly Aligned,0.4560834765434265,12.459696999940206,0.06441799996537156,12.527376000434742,59.5960000064224,79.5960000064224
"cloud (pure-cloud baseline, WAN)",20,Q_021,True,Weakly Aligned,0.4628824293613434,7.455125999513257,0.11519500003487337,7.5745909998659045,54.197999997995794,74.1979999979958
"cloud (pure-cloud baseline, WAN)",20,Q_022,True,Weakly Aligned,0.4809851050376892,7.611200999235734,0.06684500021947315,7.68122499994206,51.89199995948002,71.89199995948002
"cloud (pure-cloud baseline, WAN)",20,Q_023,True,Weakly Aligned,0.41562822461128235,7.967063999785751,0.07525599994551158,8.045704000323894,54.82039996422827,74.82039996422827
"cloud (pure-cloud baseline, WAN)",20,Q_024,True,Weakly Aligned,0.4756222069263458,8.423069000855321,0.06579000000783708,8.492377000038687,52.72770003648475,72.72770003648475
"cloud (pure-cloud baseline, WAN)",20,Q_025,True,Weakly Aligned,0.33429861068725586,9.656401000029291,0.0787899998613284,9.738382999785244,52.64640005771071,72.64640005771071
"cloud (pure-cloud baseline, WAN)",20,Q_026,True,Weakly Aligned,0.3904377818107605,7.008691999544681,0.06587000007129973,7.078134000039427,52.19580000266433,72.19580000266433
"cloud (pure-cloud baseline, WAN)",20,Q_027,True,Aligned,0.518998920917511,7.471250999515178,0.06356799985951511,7.537436000347952,52.60300001828,72.60300001828
"cloud (pure-cloud baseline, WAN)",20,Q_028,True,Weakly Aligned,0.49521809816360474,7.741908999378211,0.064286999986507,7.808786999703443,51.26800003927201,71.26800003927201
"cloud (pure-cloud baseline, WAN)",20,Q_029,True,Weakly Aligned,0.35664960741996765,7.127346999368456,0.06306599971139804,7.193498000560794,50.837800023145974,70.83780002314597
"cloud (pure-cloud baseline, WAN)",20,Q_030,True,Weakly Aligned,0.4087938070297241,8.838245999868377,0.065765999352152,8.906875999855401,52.926699980162084,72.92669998016208
"cloud (pure-cloud baseline, WAN)",20,Q_031,True,Weakly Aligned,0.4175097644329071,8.923320999201678,0.06738600040989695,8.994088000690681,55.415900016669184,75.41590001666918
"cloud (pure-cloud baseline, WAN)",20,Q_032,True,Weakly Aligned,0.4577913284301758,8.581348000006983,0.07404200005112216,8.658394000121916,55.778699985239655,75.77869998523965
"cloud (pure-cloud baseline, WAN)",20,Q_033,True,Weakly Aligned,0.3867712616920471,12.34001300053933,0.0745229999665753,12.418058000548626,59.039700019638985,79.03970001963899
"cloud (pure-cloud baseline, WAN)",20,Q_034,True,Aligned,0.5022075772285461,8.040583000365586,0.06383699928846909,8.107169000140857,51.55000003287569,71.55000003287569
"cloud (pure-cloud baseline, WAN)",20,Q_035,True,Mismatched,0.26987871527671814,7.8537930003221845,0.08038200030568987,7.937190999655286,51.05270002968609,71.0527000296861
"cloud (pure-cloud baseline, WAN)",20,Q_036,True,Aligned,0.5485783219337463,8.029317999898922,0.07302999983949121,8.10519300011947,52.06079996423796,72.06079996423796
"cloud (pure-cloud baseline, WAN)",20,Q_037,True,Weakly Aligned,0.47335299849510193,8.026988999517926,0.06495100024039857,8.094840000012482,51.5849000075832,71.5849000075832
"cloud (pure-cloud baseline, WAN)",20,Q_038,True,Weakly Aligned,0.4039768874645233,12.079864000043017,0.0632740002401988,12.145888999839372,55.6689000222832,75.6689000222832
"cloud (pure-cloud baseline, WAN)",20,Q_039,True,Weakly Aligned,0.44424349069595337,9.181417000036163,0.06504999964818126,9.249744000044302,52.960800006985664,72.96080000698566
"cloud (pure-cloud baseline, WAN)",20,Q_040,True,Weakly Aligned,0.3542081415653229,8.036422000259336,0.06476499947893899,8.104503999675217,54.39449998084456,74.39449998084456
"cloud (pure-cloud baseline, WAN)",20,Q_041,True,Aligned,0.5146816968917847,14.201738000338082,0.09552199935569661,14.302232999398257,57.74379998911172,77.74379998911172
"cloud (pure-cloud baseline, WAN)",20,Q_042,True,Weakly Aligned,0.4790075719356537,8.160985999893455,0.07246099994517863,8.236513999690942,53.55690000578761,73.55690000578761
"cloud (pure-cloud baseline, WAN)",20,Q_043,True,Weakly Aligned,0.366904079914093,8.42483600081323,0.07559999994555255,8.53262700002233,55.471799976658076,75.47179997665808
"cloud (pure-cloud baseline, WAN)",20,Q_044,True,Weakly Aligned,0.35650333762168884,10.86588100042718,0.09440499979973538,10.964991000037116,58.00739995902404,78.00739995902404
"cloud (pure-cloud baseline, WAN)",20,Q_045,True,Weakly Aligned,0.30922138690948486,9.004638999613235,0.06495100024039857,9.072514999388659,53.68489999091253,73.68489999091253
"cloud (pure-cloud baseline, WAN)",20,Q_046,True,Weakly Aligned,0.36067673563957214,7.999786000254971,0.0653019997116644,8.067703000051551,54.194699972867966,74.19469997286797
"cloud (pure-cloud baseline, WAN)",20,Q_047,True,Weakly Aligned,0.45402219891548157,7.986958999936178,0.07658400045329472,8.066878999670735,51.41050001839176,71.41050001839176
"cloud (pure-cloud baseline, WAN)",20,Q_048,True,Weakly Aligned,0.4192045032978058,7.822357000804914,0.06546599979628809,7.890718999988167,51.037299970630556,71.03729997063056
"cloud (pure-cloud baseline, WAN)",20,Q_049,True,Aligned,0.5180051922798157,12.751360000038403,0.07750799977657152,12.832342000365315,56.156499951612204,76.1564999516122
"cloud (pure-cloud baseline, WAN)",20,Q_050,True,Aligned,0.5287860631942749,8.268417000181216,0.06482899971160805,8.336595999935525,55.19320000894368,75.19320000894368
"cloud (pure-cloud baseline, WAN)",50,Q_001,True,Weakly Aligned,0.4337548315525055,9.713170999930298,0.0634380003248225,9.779678000086278,54.598100017756224,104.59810001775622
"cloud (pure-cloud baseline, WAN)",50,Q_002,True,Weakly Aligned,0.4071418046951294,7.993885999894701,0.06398599998647114,8.060731000114174,52.04400001093745,102.04400001093745
"cloud (pure-cloud baseline, WAN)",50,Q_003,True,Aligned,0.5696220993995667,8.014283000193245,0.06421299985959195,8.081394999862823,53.27510001370683,103.27510001370683
"cloud (pure-cloud baseline, WAN)",50,Q_004,True,Weakly Aligned,0.426113486289978,9.148710999397736,0.06546199983858969,9.21726500018849,54.86199998995289,104.86199998995289
"cloud (pure-cloud baseline, WAN)",50,Q_005,True,Weakly Aligned,0.3539137840270996,12.552055000014661,0.06896099966979818,12.62448299985408,57.94979998609051,107.94979998609051
"cloud (pure-cloud baseline, WAN)",50,Q_006,True,Weakly Aligned,0.4058098793029785,13.875261999601207,0.06300000040937448,13.941275999968639,58.771400013938546,108.77140001393855
"cloud (pure-cloud baseline, WAN)",50,Q_007,True,Weakly Aligned,0.4804234802722931,7.701212000029045,0.06428599954233505,7.768567999846709,51.283800043165684,101.28380004316568
"cloud (pure-cloud baseline, WAN)",50,Q_008,True,Weakly Aligned,0.4558425545692444,7.9294070001196815,0.08048900053836405,8.013352000489249,54.06329996185377,104.06329996185377
"cloud (pure-cloud baseline, WAN)",50,Q_009,True,Weakly Aligned,0.3963054418563843,10.998364999977639,0.0770920005379594,11.078810999606503,57.067799963988364,107.06779996398836
"cloud (pure-cloud baseline, WAN)",50,Q_010,True,Weakly Aligned,0.47404536604881287,8.066297999903327,0.06457899962697411,8.134123999298026,54.64290000963956,104.64290000963956
"cloud (pure-cloud baseline, WAN)",50,Q_011,True,Weakly Aligned,0.47678834199905396,6.532424000397441,0.06500199924630579,6.600421999792161,52.09900002228096,102.09900002228096
"cloud (pure-cloud baseline, WAN)",50,Q_012,True,Weakly Aligned,0.3971976935863495,9.630816000026243,0.06671599930996308,9.700380000140285,52.98509995918721,102.98509995918721
"cloud (pure-cloud baseline, WAN)",50,Q_013,True,Weakly Aligned,0.4805901050567627,9.395363999828987,0.07609099975525169,9.474464999584598,53.833300014957786,103.83330001495779
"cloud (pure-cloud baseline, WAN)",50,Q_014,True,Weakly Aligned,0.38891181349754333,9.418336000635463,0.07657700007257517,9.498090999841224,53.09940001461655,103.09940001461655
"cloud (pure-cloud baseline, WAN)",50,Q_015,True,Weakly Aligned,0.34370970726013184,6.626999000218348,0.07791699954395881,6.7084419997627265,50.996000005397946,100.99600000539795
"cloud (pure-cloud baseline, WAN)",50,Q_016,True,Weakly Aligned,0.3224361836910248,9.03294999989157,0.08490100026392611,9.120955000071262,52.37069999566302,102.37069999566302
"cloud (pure-cloud baseline, WAN)",50,Q_017,True,Aligned,0.6032370328903198,11.04607399975066,0.1125230000980082,11.163178999595402,55.55829999502748,105.55829999502748
"cloud (pure-cloud baseline, WAN)",50,Q_018,True,Weakly Aligned,0.3878196179866791,6.1353769997367635,0.07086699952196795,6.21016800050711,52.17709997668862,102.17709997668862
"cloud (pure-cloud baseline, WAN)",50,Q_019,True,Weakly Aligned,0.3595411479473114,8.058647000325436,0.06492800002888544,8.126755000375852,55.75400002999231,105.75400002999231
"cloud (pure-cloud baseline, WAN)",50,Q_020,True,Weakly Aligned,0.4560834765434265,7.66280999960145,0.0656000001981738,7.7314749996730825,52.97800002153963,102.97800002153963
"cloud (pure-cloud baseline, WAN)",50,Q_021,True,Weakly Aligned,0.4628824293613434,11.172833000273386,0.0907379999262048,11.267236999628949,57.516600005328655,107.51660000532866
"cloud (pure-cloud baseline, WAN)",50,Q_022,True,Weakly Aligned,0.4809851050376892,7.758083000226179,0.06741200013493653,7.828853000319214,54.14660001406446,104.14660001406446
"cloud (pure-cloud baseline, WAN)",50,Q_023,True,Weakly Aligned,0.41562822461128235,12.036604000059015,0.06279699937294936,12.102338999284257,57.698699994944036,107.69869999494404
"cloud (pure-cloud baseline, WAN)",50,Q_024,True,Weakly Aligned,0.4756222069263458,7.420527999784099,0.06157500047265785,7.4845930002993555,52.27550002746284,102.27550002746284
"cloud (pure-cloud baseline, WAN)",50,Q_025,True,Weakly Aligned,0.33429861068725586,11.628686000221933,0.06266499985940754,11.694546999933664,58.73560003237799,108.73560003237799
"cloud (pure-cloud baseline, WAN)",50,Q_026,True,Weakly Aligned,0.3904377818107605,10.94492700030969,0.07710499994573183,11.02494399947318,57.48189997393638,107.48189997393638
"cloud (pure-cloud baseline, WAN)",50,Q_027,True,Aligned,0.518998920917511,7.835542000066198,0.0698650001140777,7.908302000032563,53.98510000668466,103.98510000668466
"cloud (pure-cloud baseline, WAN)",50,Q_028,True,Weakly Aligned,0.49521809816360474,7.2743340006127255,0.07123700015654322,7.348239999373618,52.55600000964478,102.55600000964478
"cloud (pure-cloud baseline, WAN)",50,Q_029,True,Weakly Aligned,0.35664960741996765,6.4748380000310135,0.07376600024144864,6.5522590002728975,53.52620000485331,103.52620000485331
"cloud (pure-cloud baseline, WAN)",50,Q_030,True,Weakly Aligned,0.4087938070297241,7.719201000327303,0.06746899998688605,7.789565000166476,53.69139998219907,103.69139998219907
"cloud (pure-cloud baseline, WAN)",50,Q_031,True,Weakly Aligned,0.4175097644329071,10.802230999615858,0.06477700026152888,10.870084000089264,57.35880002612248,107.35880002612248
"cloud (pure-cloud baseline, WAN)",50,Q_032,True,Weakly Aligned,0.4577913284301758,11.975948000326753,0.078776000009384,12.058163999427052,59.12769999122247,109.12769999122247
"cloud (pure-cloud baseline, WAN)",50,Q_033,True,Weakly Aligned,0.3867712616920471,11.432670000431244,0.0638230003460194,11.499733999698947,56.381599977612495,106.3815999776125
"cloud (pure-cloud baseline, WAN)",50,Q_034,True,Aligned,0.5022075772285461,8.4025140004087,0.06299599954218138,8.468676000120468,55.03399996086955,105.03399996086955
"cloud (pure-cloud baseline, WAN)",50,Q_035,True,Mismatched,0.26987871527671814,7.324264000089897,0.0649070007057162,7.392345999505778,52.963700029067695,102.9637000290677
"cloud (pure-cloud baseline, WAN)",50,Q_036,True,Aligned,0.5485783219337463,9.40585300031671,0.06773599943699082,9.476281000388553,55.92000001342967,105.92000001342967
"cloud (pure-cloud baseline, WAN)",50,Q_037,True,Weakly Aligned,0.47335299849510193,10.778519000268716,0.06313599988061469,10.844131000339985,53.95209998823702,103.95209998823702
"cloud (pure-cloud baseline, WAN)",50,Q_038,True,Weakly Aligned,0.4039768874645233,7.38440500026627,0.07627700051671127,7.4642399995354936,51.15989997284487,101.15989997284487
"cloud (pure-cloud baseline, WAN)",50,Q_039,True,Weakly Aligned,0.44424349069595337,14.67929800037382,0.08124299984046957,14.764229000320483,60.489999945275486,110.48999994527549
"cloud (pure-cloud baseline, WAN)",50,Q_040,True,Weakly Aligned,0.3542081415653229,8.883876999789209,0.07928499962872593,8.966794999651029,56.17350002285093,106.17350002285093
"cloud (pure-cloud baseline, WAN)",50,Q_041,True,Aligned,0.5146816968917847,8.277689999886206,0.06874900009279372,8.34963799934485,52.8632000205107,102.8632000205107
"cloud (pure-cloud baseline, WAN)",50,Q_042,True,Weakly Aligned,0.4790075719356537,7.98256100006256,0.07015600021986756,8.055989999775193,53.29200002597645,103.29200002597645
"cloud (pure-cloud baseline, WAN)",50,Q_043,True,Weakly Aligned,0.366904079914093,10.464249000506243,0.354617000084545,10.82265499917412,56.55570002272725,106.55570002272725
"cloud (pure-cloud baseline, WAN)",50,Q_044,True,Weakly Aligned,0.35650333762168884,6.78915499975119,0.09380399933434092,6.885849000354938,53.72339999303222,103.72339999303222
"cloud (pure-cloud baseline, WAN)",50,Q_045,True,Weakly Aligned,0.30922138690948486,9.477632000198355,0.06502700034616282,9.545357000206423,56.31449999054894,106.31449999054894
"cloud (pure-cloud baseline, WAN)",50,Q_046,True,Weakly Aligned,0.36067673563957214,8.407177000663069,0.07589199958601967,8.486559000630223,52.39140003686771,102.39140003686771
"cloud (pure-cloud baseline, WAN)",50,Q_047,True,Weakly Aligned,0.45402219891548157,7.964050000737188,0.08914899990486447,8.057340999584994,53.17159998230636,103.17159998230636
"cloud (pure-cloud baseline, WAN)",50,Q_048,True,Weakly Aligned,0.4192045032978058,6.292354999459349,0.06398499954229919,6.358848999298061,51.799199951346964,101.79919995134696
"cloud (pure-cloud baseline, WAN)",50,Q_049,True,Aligned,0.5180051922798157,11.970921999818529,0.0648360000923276,12.038703999678546,59.778900002129376,109.77890000212938
"cloud (pure-cloud baseline, WAN)",50,Q_050,True,Aligned,0.5287860631942749,8.804941000562394,0.06183599998621503,8.869504999893252,53.892700001597404,103.8927000015974
"cloud (pure-cloud baseline, WAN)",100,Q_001,True,Weakly Aligned,0.4337548315525055,8.492096000736638,0.06259799920371734,8.557687000575243,55.44760002521798,155.44760002521798
"cloud (pure-cloud baseline, WAN)",100,Q_002,True,Weakly Aligned,0.4071418046951294,9.699712999463372,0.06399399990186794,9.766655999555951,56.45249999361113,156.45249999361113
"cloud (pure-cloud baseline, WAN)",100,Q_003,True,Aligned,0.5696220993995667,8.038625000153843,0.06955200024094665,8.11132400031056,54.272100038360804,154.2721000383608
"cloud (pure-cloud baseline, WAN)",100,Q_004,True,Weakly Aligned,0.426113486289978,10.701287000301818,0.06564900013472652,10.770319000585005,54.324999975506216,154.32499997550622
"cloud (pure-cloud baseline, WAN)",100,Q_005,True,Weakly Aligned,0.3539137840270996,7.633602999703726,0.06545999985974049,7.702660000177275,52.452399977482855,152.45239997748286
"cloud (pure-cloud baseline, WAN)",100,Q_006,True,Weakly Aligned,0.4058098793029785,6.834991000687296,0.08171499939635396,6.920238000020618,51.05599999660626,151.05599999660626
"cloud (pure-cloud baseline, WAN)",100,Q_007,True,Weakly Aligned,0.4804234802722931,9.194074000333785,0.07586099945910973,9.293633000197588,54.11809997167438,154.11809997167438
"cloud (pure-cloud baseline, WAN)",100,Q_008,True,Weakly Aligned,0.4558425545692444,12.374380999972345,0.0646759999654023,12.442131000170775,58.161199965979904,158.1611999659799
"cloud (pure-cloud baseline, WAN)",100,Q_009,True,Weakly Aligned,0.3963054418563843,8.405486999436107,0.06785999994463054,8.476625999719545,52.040900045540184,152.04090004554018
"cloud (pure-cloud baseline, WAN)",100,Q_010,True,Weakly Aligned,0.47404536604881287,10.012146000008215,0.07493699922633823,10.090452999975241,57.487000012770295,157.4870000127703
"cloud (pure-cloud baseline, WAN)",100,Q_011,True,Weakly Aligned,0.47678834199905396,9.988083000280312,0.07493199973396258,10.066601999824343,55.074799980502576,155.07479998050258
"cloud (pure-cloud baseline, WAN)",100,Q_012,True,Weakly Aligned,0.3971976935863495,14.47006499984127,0.07035599992377684,14.543635999871185,59.93709998438135,159.93709998438135
"cloud (pure-cloud baseline, WAN)",100,Q_013,True,Weakly Aligned,0.4805901050567627,9.578438000062306,0.0766160001148819,9.65862900011416,55.685399973299354,155.68539997329935
"cloud (pure-cloud baseline, WAN)",100,Q_014,True,Weakly Aligned,0.38891181349754333,8.404995999626408,0.06394999945769086,8.471774000099686,54.251299996394664,154.25129999639466
"cloud (pure-cloud baseline, WAN)",100,Q_015,True,Weakly Aligned,0.34370970726013184,11.634792999757337,0.06459799988078885,11.702451999553887,58.820299978833646,158.82029997883365
"cloud (pure-cloud baseline, WAN)",100,Q_016,True,Weakly Aligned,0.3224361836910248,7.51358299930871,0.08136399992508814,7.5988859998687985,51.406499987933785,151.40649998793378
"cloud (pure-cloud baseline, WAN)",100,Q_017,True,Aligned,0.6032370328903198,10.209232000306656,0.07554100011475384,10.287611999956425,57.57800000719726,157.57800000719726
"cloud (pure-cloud baseline, WAN)",100,Q_018,True,Weakly Aligned,0.3878196179866791,12.702021999757562,0.09158200009551365,12.798206999832473,58.173099998384714,158.1730999983847
"cloud (pure-cloud baseline, WAN)",100,Q_019,True,Weakly Aligned,0.3595411479473114,7.7042399998390465,0.07029599964880617,7.7777810001862235,53.46219998318702,153.46219998318702
"cloud (pure-cloud baseline, WAN)",100,Q_020,True,Weakly Aligned,0.4560834765434265,9.403795000253012,0.06340599975374062,9.470263999901363,54.23880001762882,154.23880001762882
"cloud (pure-cloud baseline, WAN)",100,Q_021,True,Weakly Aligned,0.4628824293613434,9.418343000106688,0.06554599985975074,9.48727500053792,55.283800000324845,155.28380000032485
"cloud (pure-cloud baseline, WAN)",100,Q_022,True,Weakly Aligned,0.4809851050376892,6.838270000116609,0.09733499973663129,6.939816999874893,53.643700026441365,153.64370002644137
"cloud (pure-cloud baseline, WAN)",100,Q_023,True,Weakly Aligned,0.41562822461128235,8.957078000094043,0.0612599997111829,9.021030999974755,53.02859999937937,153.02859999937937
"cloud (pure-cloud baseline, WAN)",100,Q_024,True,Weakly Aligned,0.4756222069263458,6.197914000040328,0.06627899983868701,6.267445999583288,52.931300015188754,152.93130001518875
"cloud (pure-cloud baseline, WAN)",100,Q_025,True,Weakly Aligned,0.33429861068725586,6.186974999764061,0.0633469999229419,6.253235000258428,52.328100020531565,152.32810002053156
"cloud (pure-cloud baseline, WAN)",100,Q_026,True,Weakly Aligned,0.3904377818107605,6.114002999311197,0.06449800002883421,6.1817939995307825,50.95130001427606,150.95130001427606
"cloud (pure-cloud baseline, WAN)",100,Q_027,True,Aligned,0.518998920917511,7.340053000007174,0.0831280003694701,7.426021999890509,53.28140000347048,153.28140000347048
"cloud (pure-cloud baseline, WAN)",100,Q_028,True,Weakly Aligned,0.49521809816360474,8.398193999710202,0.06711399964842713,8.468240000183869,52.51810001209378,152.51810001209378
"cloud (pure-cloud baseline, WAN)",100,Q_029,True,Weakly Aligned,0.35664960741996765,6.013418999827991,0.06712199956382392,6.08392900085164,50.098199979402125,150.09819997940212
"cloud (pure-cloud baseline, WAN)",100,Q_030,True,Weakly Aligned,0.4087938070297241,8.371984000405064,0.06689699966955232,8.4420629991655,53.471999999601394,153.4719999996014
"cloud (pure-cloud baseline, WAN)",100,Q_031,True,Weakly Aligned,0.4175097644329071,8.610426999439369,0.06543499966937816,8.67904599999747,55.99550000624731,155.9955000062473
"cloud (pure-cloud baseline, WAN)",100,Q_032,True,Weakly Aligned,0.4577913284301758,7.598961999974563,0.06687299992336193,7.668924000427069,54.08189998706803,154.08189998706803
"cloud (pure-cloud baseline, WAN)",100,Q_033,True,Weakly Aligned,0.3867712616920471,7.7589929996975116,0.06606300030398415,7.8284009996423265,52.498400036711246,152.49840003671125
"cloud (pure-cloud baseline, WAN)",100,Q_034,True,Aligned,0.5022075772285461,8.279890000267187,0.0659970000924659,8.348613000634941,52.156199992168695,152.1561999921687
"cloud (pure-cloud baseline, WAN)",100,Q_035,True,Mismatched,0.26987871527671814,8.021888000257604,0.0715019996277988,8.09683599982236,51.04539997410029,151.0453999741003
"cloud (pure-cloud baseline, WAN)",100,Q_036,True,Aligned,0.5485783219337463,6.536245000461349,0.06438200034608599,6.603402999644459,50.67730002338067,150.67730002338067
"cloud (pure-cloud baseline, WAN)",100,Q_037,True,Weakly Aligned,0.47335299849510193,8.395998000196414,0.06554799983859994,8.464569999887317,53.46620001364499,153.466200013645
"cloud (pure-cloud baseline, WAN)",100,Q_038,True,Weakly Aligned,0.4039768874645233,10.865920000469487,0.06640700030402513,10.935199999948964,54.62539999280125,154.62539999280125
"cloud (pure-cloud baseline, WAN)",100,Q_039,True,Weakly Aligned,0.44424349069595337,10.431677999804378,0.06662999930995284,10.501619999558898,55.01179996645078,155.01179996645078
"cloud (pure-cloud baseline, WAN)",100,Q_040,True,Weakly Aligned,0.3542081415653229,7.068447000165179,0.06448900057876017,7.13583499964443,52.085200033616275,152.08520003361627
"cloud (pure-cloud baseline, WAN)",100,Q_041,True,Aligned,0.5146816968917847,6.740513000295323,0.06575299994437955,6.809202000113146,51.35359999258071,151.3535999925807
"cloud (pure-cloud baseline, WAN)",100,Q_042,True,Weakly Aligned,0.4790075719356537,7.2854299996834015,0.06716600000800099,7.355753999945591,52.520599972922355,152.52059997292235
"cloud (pure-cloud baseline, WAN)",100,Q_043,True,Weakly Aligned,0.366904079914093,6.993442000748473,0.07169200034695677,7.068752000122913,51.119100011419505,151.1191000114195
"cloud (pure-cloud baseline, WAN)",100,Q_044,True,Weakly Aligned,0.35650333762168884,7.587987000079011,0.06625199966947548,7.657777000531496,53.19290002807975,153.19290002807975
"cloud (pure-cloud baseline, WAN)",100,Q_045,True,Weakly Aligned,0.30922138690948486,8.010208999621682,0.09435100037080701,8.108844999696885,11.333599977660924,111.33359997766092
"cloud (pure-cloud baseline, WAN)",100,Q_046,True,Weakly Aligned,0.36067673563957214,7.038784000542364,0.06526000015583122,7.10698999955639,50.41950003942475,150.41950003942475
"cloud (pure-cloud baseline, WAN)",100,Q_047,True,Weakly Aligned,0.45402219891548157,6.859649999569228,0.0647610004307353,6.92756799980998,51.89189995871857,151.89189995871857
"cloud (pure-cloud baseline, WAN)",100,Q_048,True,Weakly Aligned,0.4192045032978058,7.017427000391763,0.06384399966918863,7.084574999680626,50.96170003525913,150.96170003525913
"cloud (pure-cloud baseline, WAN)",100,Q_049,True,Aligned,0.5180051922798157,9.138754000559857,0.09300600049755303,9.235038999577228,54.034599976148456,154.03459997614846
"cloud (pure-cloud baseline, WAN)",100,Q_050,True,Aligned,0.5287860631942749,12.88633799958916,0.07279300007212441,12.962355999661668,56.13640003139153,156.13640003139153
"cloud (pure-cloud baseline, WAN)",200,Q_001,True,Weakly Aligned,0.4337548315525055,6.806837000112864,0.06639499952143524,6.876542000100017,53.31139999907464,253.31139999907464
"cloud (pure-cloud baseline, WAN)",200,Q_002,True,Weakly Aligned,0.4071418046951294,8.381594999264053,0.06534899966936791,8.450210999399133,53.36170003283769,253.3617000328377
"cloud (pure-cloud baseline, WAN)",200,Q_003,True,Aligned,0.5696220993995667,11.130448000585602,0.06472499990195502,11.19836399993801,58.421999972779304,258.4219999727793
"cloud (pure-cloud baseline, WAN)",200,Q_004,True,Weakly Aligned,0.426113486289978,8.024142000067513,0.10347599982196698,8.13322199974209,55.69539999123663,255.69539999123663
"cloud (pure-cloud baseline, WAN)",200,Q_005,True,Weakly Aligned,0.3539137840270996,7.786939000652637,0.06727600066369632,7.856640000682091,55.428899999242276,255.42889999924228
"cloud (pure-cloud baseline, WAN)",200,Q_006,True,Weakly Aligned,0.4058098793029785,9.008065000671195,0.07780099986121058,9.089347000553971,55.823300033807755,255.82330003380775
"cloud (pure-cloud baseline, WAN)",200,Q_007,True,Weakly Aligned,0.4804234802722931,8.097982000435877,0.06448000021919142,8.165751999513304,54.92470000172034,254.92470000172034
"cloud (pure-cloud baseline, WAN)",200,Q_008,True,Weakly Aligned,0.4558425545692444,6.8133069999021245,0.07308500062208623,6.889837000016996,54.27269998472184,254.27269998472184
"cloud (pure-cloud baseline, WAN)",200,Q_009,True,Weakly Aligned,0.3963054418563843,9.119237000049907,0.06324900004983647,9.185300999888568,53.645200037863106,253.6452000378631
"cloud (pure-cloud baseline, WAN)",200,Q_010,True,Weakly Aligned,0.47404536604881287,8.802319999631436,0.06483000015578,8.870569999999134,55.28259999118745,255.28259999118745
"cloud (pure-cloud baseline, WAN)",200,Q_011,True,Weakly Aligned,0.47678834199905396,6.5673520002746955,0.06440800007112557,6.634286000007705,53.3284000121057,253.3284000121057
"cloud (pure-cloud baseline, WAN)",200,Q_012,True,Weakly Aligned,0.3971976935863495,8.18861400057358,0.08170199998858152,8.273720999568468,52.732800017111,252.732800017111
"cloud (pure-cloud baseline, WAN)",200,Q_013,True,Weakly Aligned,0.4805901050567627,10.792801999741641,0.0976270002865931,10.894797999753791,54.81529998360202,254.81529998360202
"cloud (pure-cloud baseline, WAN)",200,Q_014,True,Weakly Aligned,0.38891181349754333,9.23425299970404,0.06263600062084151,9.30029499977536,53.93290001666173,253.93290001666173
"cloud (pure-cloud baseline, WAN)",200,Q_015,True,Weakly Aligned,0.34370970726013184,7.318688999475853,0.06558299992320826,7.3872279999704915,54.162500018719584,254.16250001871958
"cloud (pure-cloud baseline, WAN)",200,Q_016,True,Weakly Aligned,0.3224361836910248,11.690731000271626,0.2541489993745927,11.949611999625631,55.751799955032766,255.75179995503277
"cloud (pure-cloud baseline, WAN)",200,Q_017,True,Aligned,0.6032370328903198,7.798667999850295,0.06371400013449602,7.865135999963968,51.96030001388863,251.96030001388863
"cloud (pure-cloud baseline, WAN)",200,Q_018,True,Weakly Aligned,0.3878196179866791,7.206985999800963,0.06863199996587355,7.278977999703784,51.05909996200353,251.05909996200353
"cloud (pure-cloud baseline, WAN)",200,Q_019,True,Weakly Aligned,0.3595411479473114,9.086997000849806,0.0645139998596278,9.154295999906026,52.67539998749271,252.6753999874927
"cloud (pure-cloud baseline, WAN)",200,Q_020,True,Weakly Aligned,0.4560834765434265,7.6823350000267965,0.0659159995848313,7.7510040000561276,55.038100050296634,255.03810005029663
"cloud (pure-cloud baseline, WAN)",200,Q_021,True,Weakly Aligned,0.4628824293613434,7.899365000412217,0.08682699990458786,7.989351999640348,55.744399956893176,255.74439995689318
"cloud (pure-cloud baseline, WAN)",200,Q_022,True,Weakly Aligned,0.4809851050376892,7.1054410000215285,0.09199199939757818,7.20051699954638,54.14999998174608,254.14999998174608
"cloud (pure-cloud baseline, WAN)",200,Q_023,True,Weakly Aligned,0.41562822461128235,8.676909999849158,0.13260899959277594,8.815250000225205,53.52590000256896,253.52590000256896
"cloud (pure-cloud baseline, WAN)",200,Q_024,True,Weakly Aligned,0.4756222069263458,9.406332999787992,0.06395700074790511,9.473224999965169,56.79030000464991,256.7903000046499
"cloud (pure-cloud baseline, WAN)",200,Q_025,True,Weakly Aligned,0.33429861068725586,7.772787000249082,0.06246299926715437,7.837793999897258,53.58489998616278,253.58489998616278
"cloud (pure-cloud baseline, WAN)",200,Q_026,True,Weakly Aligned,0.3904377818107605,7.716654000432754,0.06720399960613577,7.7873150003142655,51.467299985233694,251.4672999852337
"cloud (pure-cloud baseline, WAN)",200,Q_027,True,Aligned,0.518998920917511,8.428918000390695,0.06969499918341171,8.501878999595647,52.292400039732456,252.29240003973246
"cloud (pure-cloud baseline, WAN)",200,Q_028,True,Weakly Aligned,0.49521809816360474,7.467331000043487,0.12209899978188332,7.592244000079518,50.81499996595085,250.81499996595085
"cloud (pure-cloud baseline, WAN)",200,Q_029,True,Weakly Aligned,0.35664960741996765,7.249551999848336,0.06607700015592854,7.318949999898905,51.84909998206422,251.84909998206422
"cloud (pure-cloud baseline, WAN)",200,Q_030,True,Weakly Aligned,0.4087938070297241,8.410517999436706,0.06575500083272345,8.478901000671613,51.907400018535554,251.90740001853555
"cloud (pure-cloud baseline, WAN)",200,Q_031,True,Weakly Aligned,0.4175097644329071,8.620417000201996,0.07577599990327144,8.69922600031714,52.09429998649284,252.09429998649284
"cloud (pure-cloud baseline, WAN)",200,Q_032,True,Weakly Aligned,0.4577913284301758,11.693110000123852,0.07847899996704655,11.775056999795197,59.04899997403845,259.04899997403845
"cloud (pure-cloud baseline, WAN)",200,Q_033,True,Weakly Aligned,0.3867712616920471,8.230696999817155,0.08221799998864299,8.316507999552414,52.059799956623465,252.05979995662346
"cloud (pure-cloud baseline, WAN)",200,Q_034,True,Aligned,0.5022075772285461,7.5418569995235885,0.06582999958482105,7.610892000229796,54.79149997700006,254.79149997700006
"cloud (pure-cloud baseline, WAN)",200,Q_035,True,Mismatched,0.26987871527671814,7.970862999172823,0.06465400019806111,8.038398000280722,52.49729997012764,252.49729997012764
"cloud (pure-cloud baseline, WAN)",200,Q_036,True,Aligned,0.5485783219337463,7.0513150003534975,0.06635200043092482,7.120082999790611,50.286500016227365,250.28650001622736
"cloud (pure-cloud baseline, WAN)",200,Q_037,True,Weakly Aligned,0.47335299849510193,9.34599399988656,0.0808889999461826,9.430187000361911,53.74250002205372,253.74250002205372
"cloud (pure-cloud baseline, WAN)",200,Q_038,True,Weakly Aligned,0.4039768874645233,8.19721700008813,0.10375700003351085,8.30529100039712,54.5200000051409,254.5200000051409
"cloud (pure-cloud baseline, WAN)",200,Q_039,True,Weakly Aligned,0.44424349069595337,9.037464000357431,0.06697899971186416,9.107597999900463,52.74250003276393,252.74250003276393
"cloud (pure-cloud baseline, WAN)",200,Q_040,True,Weakly Aligned,0.3542081415653229,8.239406000029703,0.06682500043098116,8.309414999530418,54.825999948661774,254.82599994866177
"cloud (pure-cloud baseline, WAN)",200,Q_041,True,Aligned,0.5146816968917847,7.984939000380109,0.06355599998641992,8.051417999922705,54.88120001973584,254.88120001973584
"cloud (pure-cloud baseline, WAN)",200,Q_042,True,Weakly Aligned,0.4790075719356537,8.509375000357977,0.06962199950066861,8.582039000430086,52.309100050479174,252.30910005047917
"cloud (pure-cloud baseline, WAN)",200,Q_043,True,Weakly Aligned,0.366904079914093,8.357777999663085,0.0647489996481454,8.425486000305682,55.252599995583296,255.2525999955833
"cloud (pure-cloud baseline, WAN)",200,Q_044,True,Weakly Aligned,0.35650333762168884,8.145803999468626,0.06755600043106824,8.216774000175064,51.886499975807965,251.88649997580796
"cloud (pure-cloud baseline, WAN)",200,Q_045,True,Weakly Aligned,0.30922138690948486,20.72964599938132,0.09866499931376893,20.833479999964766,64.86579996999353,264.86579996999353
"cloud (pure-cloud baseline, WAN)",200,Q_046,True,Weakly Aligned,0.36067673563957214,11.788728999817977,0.07851999998820247,11.87076599944703,58.21559997275472,258.2155999727547
"cloud (pure-cloud baseline, WAN)",200,Q_047,True,Weakly Aligned,0.45402219891548157,9.860211000159325,0.06244199994398514,9.925889000442112,53.72329999227077,253.72329999227077
"cloud (pure-cloud baseline, WAN)",200,Q_048,True,Weakly Aligned,0.4192045032978058,7.453078000253299,0.06403299994417466,7.520303000092099,53.13049996038899,253.130499960389
"cloud (pure-cloud baseline, WAN)",200,Q_049,True,Aligned,0.5180051922798157,9.53853800001525,0.07727900083409622,9.624622000046656,54.85749995568767,254.85749995568767
"cloud (pure-cloud baseline, WAN)",200,Q_050,True,Aligned,0.5287860631942749,8.647296000162896,0.07590400036860956,8.726919999389793,53.83499996969476,253.83499996969476
"edge_unsandboxed (LAN, no runtime limits)",1,Q_001,True,Weakly Aligned,0.4337548315525055,67.71384700005001,0.10848399961105315,67.82653499976732,114.38889999408275,115.38889999408275
"edge_unsandboxed (LAN, no runtime limits)",1,Q_002,True,Weakly Aligned,0.4071418046951294,6.471249999776774,0.08230900039052358,6.556508999892685,9.06460004625842,10.06460004625842
"edge_unsandboxed (LAN, no runtime limits)",1,Q_003,True,Aligned,0.5696220993995667,7.996849999472033,0.06840700007160194,8.068166999692039,54.16310002328828,55.16310002328828
"edge_unsandboxed (LAN, no runtime limits)",1,Q_004,True,Weakly Aligned,0.426113486289978,6.803559000218229,0.07837199973437237,6.88535400058754,50.1698000007309,51.1698000007309
"edge_unsandboxed (LAN, no runtime limits)",1,Q_005,True,Weakly Aligned,0.3539137840270996,7.236131999889039,0.0743749997127452,7.3135319998982595,50.736700010020286,51.736700010020286
"edge_unsandboxed (LAN, no runtime limits)",1,Q_006,True,Weakly Aligned,0.4058098793029785,9.912118000102055,0.06971400034672115,9.985276000406884,53.57269995147362,54.57269995147362
"edge_unsandboxed (LAN, no runtime limits)",1,Q_007,True,Weakly Aligned,0.4804234802722931,7.216096999400179,0.07873099912103498,7.2978680000233,51.76320002647117,52.76320002647117
"edge_unsandboxed (LAN, no runtime limits)",1,Q_008,True,Weakly Aligned,0.4558425545692444,7.130445000257168,0.06959500024095178,7.203927999398729,50.95390003407374,51.95390003407374
"edge_unsandboxed (LAN, no runtime limits)",1,Q_009,True,Weakly Aligned,0.3963054418563843,6.806444999710948,0.06714099981763866,6.87688000016351,50.19229999743402,51.19229999743402
"edge_unsandboxed (LAN, no runtime limits)",1,Q_010,True,Weakly Aligned,0.47404536604881287,6.696575000205485,0.06772899996576598,6.767241000488866,50.16169999726117,51.16169999726117
"edge_unsandboxed (LAN, no runtime limits)",1,Q_011,True,Weakly Aligned,0.47678834199905396,6.343544000628754,0.09049399977811845,6.437035000089963,50.89120002230629,51.89120002230629
"edge_unsandboxed (LAN, no runtime limits)",1,Q_012,True,Weakly Aligned,0.3971976935863495,7.800631000463909,0.06469299933087314,7.86823100042966,52.02619999181479,53.02619999181479
"edge_unsandboxed (LAN, no runtime limits)",1,Q_013,True,Weakly Aligned,0.4805901050567627,12.980812999558111,0.13489399952959502,13.12050199976511,59.755199996288866,60.755199996288866
"edge_unsandboxed (LAN, no runtime limits)",1,Q_014,True,Weakly Aligned,0.38891181349754333,6.502575999547844,0.06539399964822223,6.570805999217555,51.98379995999858,52.98379995999858
"edge_unsandboxed (LAN, no runtime limits)",1,Q_015,True,Weakly Aligned,0.34370970726013184,7.430423000187147,0.06996100000833394,7.5034000001323875,51.914399955421686,52.914399955421686
"edge_unsandboxed (LAN, no runtime limits)",1,Q_016,True,Weakly Aligned,0.3224361836910248,6.786496999666269,0.06626899994444102,6.855963999441883,50.17699999734759,51.17699999734759
"edge_unsandboxed (LAN, no runtime limits)",1,Q_017,True,Aligned,0.6032370328903198,7.2002599999905215,0.06853600007161731,7.271355999364459,51.175299973692745,52.175299973692745
"edge_unsandboxed (LAN, no runtime limits)",1,Q_018,True,Weakly Aligned,0.3878196179866791,6.482351000158815,0.06379800015565706,6.549153000378283,49.96289999689907,50.96289999689907
"edge_unsandboxed (LAN, no runtime limits)",1,Q_019,True,Weakly Aligned,0.3595411479473114,8.183148999705736,0.06445399958465714,8.251025999925332,52.53749998519197,53.53749998519197
"edge_unsandboxed (LAN, no runtime limits)",1,Q_020,True,Weakly Aligned,0.4560834765434265,7.0134600000528735,0.06813999971200246,7.0842869999978575,53.259800013620406,54.259800013620406
"edge_unsandboxed (LAN, no runtime limits)",1,Q_021,True,Weakly Aligned,0.4628824293613434,6.110342999818386,0.06330299947876483,6.176368000524235,50.24870001943782,51.24870001943782
"edge_unsandboxed (LAN, no runtime limits)",1,Q_022,True,Weakly Aligned,0.4809851050376892,8.566141000301286,0.09733200022310484,8.667670999784605,53.16010001115501,54.16010001115501
"edge_unsandboxed (LAN, no runtime limits)",1,Q_023,True,Weakly Aligned,0.41562822461128235,6.28538499950082,0.07323299996642163,6.361476000165567,51.732500025536865,52.732500025536865
"edge_unsandboxed (LAN, no runtime limits)",1,Q_024,True,Weakly Aligned,0.4756222069263458,6.954196000151569,0.06439000026148278,7.021194000117248,52.039099973626435,53.039099973626435
"edge_unsandboxed (LAN, no runtime limits)",1,Q_025,True,Weakly Aligned,0.33429861068725586,5.836104000081832,0.06291699992289068,5.901755000195408,49.081599980127066,50.081599980127066
"edge_unsandboxed (LAN, no runtime limits)",1,Q_026,True,Weakly Aligned,0.3904377818107605,7.768849000058253,0.06870099969091825,7.840656000553281,52.97209997661412,53.97209997661412
"edge_unsandboxed (LAN, no runtime limits)",1,Q_027,True,Aligned,0.518998920917511,5.965844999991532,0.06554500032507349,6.034315999386308,48.49930002819747,49.49930002819747
"edge_unsandboxed (LAN, no runtime limits)",1,Q_028,True,Weakly Aligned,0.49521809816360474,7.116809999388352,0.06440600009227637,7.1840709997559316,51.67989997426048,52.67989997426048
"edge_unsandboxed (LAN, no runtime limits)",1,Q_029,True,Weakly Aligned,0.35664960741996765,5.885266999939631,0.0730460005797795,5.960927999694832,50.136599980760366,51.136599980760366
"edge_unsandboxed (LAN, no runtime limits)",1,Q_030,True,Weakly Aligned,0.4087938070297241,6.950306999897293,0.06533600026159547,7.018269000582222,50.97859998932108,51.97859998932108
"edge_unsandboxed (LAN, no runtime limits)",1,Q_031,True,Weakly Aligned,0.4175097644329071,7.942367999930866,0.0705760003256728,8.015858999897318,55.79770001349971,56.79770001349971
"edge_unsandboxed (LAN, no runtime limits)",1,Q_032,True,Weakly Aligned,0.4577913284301758,12.648777000322298,0.06729500000801636,12.718793000203732,59.49419998796657,60.49419998796657
"edge_unsandboxed (LAN, no runtime limits)",1,Q_033,True,Weakly Aligned,0.3867712616920471,7.445270999596687,0.08750999950279947,7.535425999776635,53.87460003839806,54.87460003839806
"edge_unsandboxed (LAN, no runtime limits)",1,Q_034,True,Aligned,0.5022075772285461,6.874069000332383,0.06611299977521412,6.942912000340584,50.27270002756268,51.27270002756268
"edge_unsandboxed (LAN, no runtime limits)",1,Q_035,True,Mismatched,0.26987871527671814,7.432714000060514,0.06866500007163268,7.504016999519081,51.015300035942346,52.015300035942346
"edge_unsandboxed (LAN, no runtime limits)",1,Q_036,True,Aligned,0.5485783219337463,7.462028000190912,0.06747800034645479,7.531889999881969,50.52400002023205,51.52400002023205
"edge_unsandboxed (LAN, no runtime limits)",1,Q_037,True,Weakly Aligned,0.47335299849510193,6.823298000199429,0.06636099988099886,6.8926749991078395,50.216600007843226,51.216600007843226
"edge_unsandboxed (LAN, no runtime limits)",1,Q_038,True,Weakly Aligned,0.4039768874645233,7.519783000134339,0.0662239999655867,7.588745000248309,50.95539998728782,51.95539998728782
"edge_unsandboxed (LAN, no runtime limits)",1,Q_039,True,Weakly Aligned,0.44424349069595337,9.431217999917862,0.10108800051966682,9.536869999465125,53.35399997420609,54.35399997420609
"edge_unsandboxed (LAN, no runtime limits)",1,Q_040,True,Weakly Aligned,0.3542081415653229,8.66165000024921,0.0680089997331379,8.732266999686544,53.53799997828901,54.53799997828901
"edge_unsandboxed (LAN, no runtime limits)",1,Q_041,True,Aligned,0.5146816968917847,6.565091999618744,0.06571699941559928,6.633395000790188,52.46480001369491,53.46480001369491
"edge_unsandboxed (LAN, no runtime limits)",1,Q_042,True,Weakly Aligned,0.4790075719356537,9.9903889995403,0.06679099988105008,10.060331000204314,54.65519998688251,55.65519998688251
"edge_unsandboxed (LAN, no runtime limits)",1,Q_043,True,Weakly Aligned,0.366904079914093,8.483056999466498,0.0656930005789036,8.551763000468782,52.99649998778477,53.99649998778477
"edge_unsandboxed (LAN, no runtime limits)",1,Q_044,True,Weakly Aligned,0.35650333762168884,6.571568000254047,0.06565599960595137,6.640472999606573,52.898399997502565,53.898399997502565
"edge_unsandboxed (LAN, no runtime limits)",1,Q_045,True,Weakly Aligned,0.30922138690948486,9.89070899959188,0.06453500009229174,9.958157999790274,54.54119999194518,55.54119999194518
"edge_unsandboxed (LAN, no runtime limits)",1,Q_046,True,Weakly Aligned,0.36067673563957214,7.061217999762448,0.06391099941538414,7.128043000193429,51.97460000636056,52.97460000636056
"edge_unsandboxed (LAN, no runtime limits)",1,Q_047,True,Weakly Aligned,0.45402219891548157,6.610469000406738,0.06728300013492117,6.681727999421128,50.66899996018037,51.66899996018037
"edge_unsandboxed (LAN, no runtime limits)",1,Q_048,True,Weakly Aligned,0.4192045032978058,6.705183999656583,0.0676179997753934,6.776113999876543,50.49449997022748,51.49449997022748
"edge_unsandboxed (LAN, no runtime limits)",1,Q_049,True,Aligned,0.5180051922798157,7.867047000218008,0.06765499983885093,7.9372220006916905,51.71949998475611,52.71949998475611
"edge_unsandboxed (LAN, no runtime limits)",1,Q_050,True,Aligned,0.5287860631942749,11.36019900059182,0.06982099966990063,11.432567000156268,57.872100034728646,58.872100034728646
"edge_unsandboxed (LAN, no runtime limits)",5,Q_001,True,Weakly Aligned,0.4337548315525055,8.061964000262378,0.0645119998807786,8.129288999953133,51.49569996865466,56.49569996865466
"edge_unsandboxed (LAN, no runtime limits)",5,Q_002,True,Weakly Aligned,0.4071418046951294,7.725391999883868,0.12266500016266946,7.852493999962462,50.90949998702854,55.90949998702854
"edge_unsandboxed (LAN, no runtime limits)",5,Q_003,True,Aligned,0.5696220993995667,8.007340999938606,0.0706490000084159,8.080497000264586,54.62229996919632,59.62229996919632
"edge_unsandboxed (LAN, no runtime limits)",5,Q_004,True,Weakly Aligned,0.426113486289978,12.147809999987658,0.06493700038845418,12.215331999868795,54.73629996413365,59.73629996413365
"edge_unsandboxed (LAN, no runtime limits)",5,Q_005,True,Weakly Aligned,0.3539137840270996,7.233981999888783,0.07627400009369012,7.313299000088591,54.17359998682514,59.17359998682514
"edge_unsandboxed (LAN, no runtime limits)",5,Q_006,True,Weakly Aligned,0.4058098793029785,13.509849999536527,0.07729499975539511,13.590215000476746,56.68789998162538,61.68789998162538
"edge_unsandboxed (LAN, no runtime limits)",5,Q_007,True,Weakly Aligned,0.4804234802722931,6.529366999529884,0.07017400002951035,6.601936999686586,51.60340003203601,56.60340003203601
"edge_unsandboxed (LAN, no runtime limits)",5,Q_008,True,Weakly Aligned,0.4558425545692444,6.873395000184246,0.06449499960581306,6.940958000086539,51.31820001406595,56.31820001406595
"edge_unsandboxed (LAN, no runtime limits)",5,Q_009,True,Weakly Aligned,0.3963054418563843,7.812566000211518,0.06332400062092347,7.878621000600106,51.25790002057329,56.25790002057329
"edge_unsandboxed (LAN, no runtime limits)",5,Q_010,True,Weakly Aligned,0.47404536604881287,6.803503000810451,0.07300499964912888,6.879640000079235,49.85640000086278,54.85640000086278
"edge_unsandboxed (LAN, no runtime limits)",5,Q_011,True,Weakly Aligned,0.47678834199905396,6.930182999894896,0.06712400045216782,7.000182999945537,51.1253000004217,56.1253000004217
"edge_unsandboxed (LAN, no runtime limits)",5,Q_012,True,Weakly Aligned,0.3971976935863495,7.943779000015638,0.07691900009376695,8.024397000554018,51.50950001552701,56.50950001552701
"edge_unsandboxed (LAN, no runtime limits)",5,Q_013,True,Weakly Aligned,0.4805901050567627,7.444271999702323,0.06465900059993146,7.511388000239094,50.1450999872759,55.1450999872759
"edge_unsandboxed (LAN, no runtime limits)",5,Q_014,True,Weakly Aligned,0.38891181349754333,7.045647999802895,0.09998899986385368,7.149054999899818,51.157499954570085,56.157499954570085
"edge_unsandboxed (LAN, no runtime limits)",5,Q_015,True,Weakly Aligned,0.34370970726013184,9.171790000436886,0.06606299939448945,9.241331000339414,52.26929998025298,57.26929998025298
"edge_unsandboxed (LAN, no runtime limits)",5,Q_016,True,Weakly Aligned,0.3224361836910248,8.703645999958098,0.07760799962852616,8.784263000052306,55.303099972661585,60.303099972661585
"edge_unsandboxed (LAN, no runtime limits)",5,Q_017,True,Aligned,0.6032370328903198,11.468916000012541,0.09463799960940378,11.566691999178147,57.181499956641346,62.181499956641346
"edge_unsandboxed (LAN, no runtime limits)",5,Q_018,True,Weakly Aligned,0.3878196179866791,7.498626999222324,0.07069999992381781,7.571631000246271,50.47570000169799,55.47570000169799
"edge_unsandboxed (LAN, no runtime limits)",5,Q_019,True,Weakly Aligned,0.3595411479473114,12.385850999635295,0.06336800015560584,12.452471999495174,56.319700030144304,61.319700030144304
"edge_unsandboxed (LAN, no runtime limits)",5,Q_020,True,Weakly Aligned,0.4560834765434265,7.686574999752338,0.09511300049780402,7.784361999256362,53.781400027219206,58.781400027219206
"edge_unsandboxed (LAN, no runtime limits)",5,Q_021,True,Weakly Aligned,0.4628824293613434,5.841946999680658,0.0645849995635217,5.908977999752096,48.538100032601506,53.538100032601506
"edge_unsandboxed (LAN, no runtime limits)",5,Q_022,True,Weakly Aligned,0.4809851050376892,8.167029999640363,0.07708300017839065,8.247321999988344,53.22679999517277,58.22679999517277
"edge_unsandboxed (LAN, no runtime limits)",5,Q_023,True,Weakly Aligned,0.41562822461128235,6.601480000426818,0.06387799930962501,6.667838999419473,49.35219994513318,54.35219994513318
"edge_unsandboxed (LAN, no runtime limits)",5,Q_024,True,Weakly Aligned,0.4756222069263458,6.498540000393405,0.06361600026139058,6.564954999703332,50.94739998457953,55.94739998457953
"edge_unsandboxed (LAN, no runtime limits)",5,Q_025,True,Weakly Aligned,0.33429861068725586,6.07966099960322,0.0838919995658216,6.166864999613608,50.50349998055026,55.50349998055026
"edge_unsandboxed (LAN, no runtime limits)",5,Q_026,True,Weakly Aligned,0.3904377818107605,6.964573000004748,0.06661000043095555,7.03439700009767,51.887999987229705,56.887999987229705
"edge_unsandboxed (LAN, no runtime limits)",5,Q_027,True,Aligned,0.518998920917511,6.0397460001695435,0.06619699979637517,6.109780000770115,49.60279999068007,54.60279999068007
"edge_unsandboxed (LAN, no runtime limits)",5,Q_028,True,Weakly Aligned,0.49521809816360474,6.013927999447333,0.07163500049500726,6.088414999794622,51.43829999724403,56.43829999724403
"edge_unsandboxed (LAN, no runtime limits)",5,Q_029,True,Weakly Aligned,0.35664960741996765,6.260011999984272,0.06904500060045393,6.331863000013982,50.812300003599375,55.812300003599375
"edge_unsandboxed (LAN, no runtime limits)",5,Q_030,True,Weakly Aligned,0.4087938070297241,6.5190129998882185,0.06637499973294325,6.588330999875325,50.512899993918836,55.512899993918836
"edge_unsandboxed (LAN, no runtime limits)",5,Q_031,True,Weakly Aligned,0.4175097644329071,7.607632999679481,0.09945500005414942,7.712203000664886,52.08900000434369,57.08900000434369
"edge_unsandboxed (LAN, no runtime limits)",5,Q_032,True,Weakly Aligned,0.4577913284301758,8.418907999839575,0.06649600072705653,8.4884019997844,51.365100021939725,56.365100021939725
"edge_unsandboxed (LAN, no runtime limits)",5,Q_033,True,Weakly Aligned,0.3867712616920471,6.64003300062177,0.06620699969062116,6.710005000059027,53.18250000709668,58.18250000709668
"edge_unsandboxed (LAN, no runtime limits)",5,Q_034,True,Aligned,0.5022075772285461,8.608819999608386,0.07744599952275166,8.688919000633177,52.671800018288195,57.671800018288195
"edge_unsandboxed (LAN, no runtime limits)",5,Q_035,True,Mismatched,0.26987871527671814,7.430920000842889,0.06926700007170439,7.503281999561295,54.18330000247806,59.18330000247806
"edge_unsandboxed (LAN, no runtime limits)",5,Q_036,True,Aligned,0.5485783219337463,7.098368000697519,0.06515000040963059,7.166092000261415,50.03869999200106,55.03869999200106
"edge_unsandboxed (LAN, no runtime limits)",5,Q_037,True,Weakly Aligned,0.47335299849510193,7.512017999943055,0.06634100009250687,7.581181999739783,50.93210004270077,55.93210004270077
"edge_unsandboxed (LAN, no runtime limits)",5,Q_038,True,Weakly Aligned,0.4039768874645233,7.973626999955741,0.06578000011359109,8.04225200045039,50.85629998939112,55.85629998939112
"edge_unsandboxed (LAN, no runtime limits)",5,Q_039,True,Weakly Aligned,0.44424349069595337,8.7535590000698,0.06780100011383183,8.82439599990903,52.37349995877594,57.37349995877594
"edge_unsandboxed (LAN, no runtime limits)",5,Q_040,True,Weakly Aligned,0.3542081415653229,8.706425000127638,0.06326299990178086,8.772688000135531,55.107499996665865,60.107499996665865
"edge_unsandboxed (LAN, no runtime limits)",5,Q_041,True,Aligned,0.5146816968917847,7.7131799998824135,0.07259100038936595,7.788298000377836,53.12840000260621,58.12840000260621
"edge_unsandboxed (LAN, no runtime limits)",5,Q_042,True,Weakly Aligned,0.4790075719356537,6.900193000547006,0.06609800038859248,6.968999000491749,49.5496999938041,54.5496999938041
"edge_unsandboxed (LAN, no runtime limits)",5,Q_043,True,Weakly Aligned,0.366904079914093,8.092111000223667,0.08432699996774318,8.179600999937975,52.550099964719266,57.550099964719266
"edge_unsandboxed (LAN, no runtime limits)",5,Q_044,True,Weakly Aligned,0.35650333762168884,7.224406000204908,0.06442900030378951,7.2912929999802145,53.771100006997585,58.771100006997585
"edge_unsandboxed (LAN, no runtime limits)",5,Q_045,True,Weakly Aligned,0.30922138690948486,11.782126000071003,0.0625080001555034,11.84736499999417,55.22829998517409,60.22829998517409
"edge_unsandboxed (LAN, no runtime limits)",5,Q_046,True,Weakly Aligned,0.36067673563957214,6.927558000825229,0.06942400068510324,6.999842999903194,50.14659999869764,55.14659999869764
"edge_unsandboxed (LAN, no runtime limits)",5,Q_047,True,Weakly Aligned,0.45402219891548157,7.012047999523929,0.06568600019818405,7.08075500006089,51.17779999272898,56.17779999272898
"edge_unsandboxed (LAN, no runtime limits)",5,Q_048,True,Weakly Aligned,0.4192045032978058,7.360513000094215,0.06697299977531657,7.430554000166012,51.308499998413026,56.308499998413026
"edge_unsandboxed (LAN, no runtime limits)",5,Q_049,True,Aligned,0.5180051922798157,8.762047000345774,0.06580100034625502,8.830751000459713,52.32389998855069,57.32389998855069
"edge_unsandboxed (LAN, no runtime limits)",5,Q_050,True,Aligned,0.5287860631942749,8.633261999420938,0.0638269993942231,8.699972000613343,54.08199998782948,59.08199998782948
"edge_unsandboxed (LAN, no runtime limits)",10,Q_001,True,Weakly Aligned,0.4337548315525055,9.923438999976497,0.07476800055883359,10.000924999985727,55.0414000172168,65.0414000172168
"edge_unsandboxed (LAN, no runtime limits)",10,Q_002,True,Weakly Aligned,0.4071418046951294,7.05145000029006,0.0664569997752551,7.120604000192543,50.77010003151372,60.77010003151372
"edge_unsandboxed (LAN, no runtime limits)",10,Q_003,True,Aligned,0.5696220993995667,7.3955609996119165,0.07919200015749084,7.4772799998754635,54.15219999849796,64.15219999849796
"edge_unsandboxed (LAN, no runtime limits)",10,Q_004,True,Weakly Aligned,0.426113486289978,14.784359000259428,0.14465000003838213,14.93312899947341,60.38819998502731,70.38819998502731
"edge_unsandboxed (LAN, no runtime limits)",10,Q_005,True,Weakly Aligned,0.3539137840270996,8.61578300009569,0.09589599994797027,8.716215999811538,55.86520000360906,65.86520000360906
"edge_unsandboxed (LAN, no runtime limits)",10,Q_006,True,Weakly Aligned,0.4058098793029785,8.00521699966339,0.07635099973413162,8.084996999969007,51.62850004853681,61.62850004853681
"edge_unsandboxed (LAN, no runtime limits)",10,Q_007,True,Weakly Aligned,0.4804234802722931,10.276320000230044,0.0973229998635361,10.377682000580535,55.97250000573695,65.97250000573695
"edge_unsandboxed (LAN, no runtime limits)",10,Q_008,True,Weakly Aligned,0.4558425545692444,9.174460999929579,0.07004600047366694,9.248428000319109,52.187399996910244,62.187399996910244
"edge_unsandboxed (LAN, no runtime limits)",10,Q_009,True,Weakly Aligned,0.3963054418563843,6.576593999852776,0.06820999988121912,6.647220000559173,51.01199995260686,61.01199995260686
"edge_unsandboxed (LAN, no runtime limits)",10,Q_010,True,Weakly Aligned,0.47404536604881287,8.920355000554991,0.08174599952326389,9.005660000184434,52.32720001367852,62.32720001367852
"edge_unsandboxed (LAN, no runtime limits)",10,Q_011,True,Weakly Aligned,0.47678834199905396,6.303907000074105,0.06775899964850396,6.374577999849862,50.64700002549216,60.64700002549216
"edge_unsandboxed (LAN, no runtime limits)",10,Q_012,True,Weakly Aligned,0.3971976935863495,6.863780999992741,0.06765299986000173,6.934222999916528,50.10959994979203,60.10959994979203
"edge_unsandboxed (LAN, no runtime limits)",10,Q_013,True,Weakly Aligned,0.4805901050567627,7.699085000240302,0.06459399992309045,7.766677999825333,51.13899998832494,61.13899998832494
"edge_unsandboxed (LAN, no runtime limits)",10,Q_014,True,Weakly Aligned,0.38891181349754333,6.992771000113862,0.06623300032515544,7.061672999952862,51.9825000083074,61.9825000083074
"edge_unsandboxed (LAN, no runtime limits)",10,Q_015,True,Weakly Aligned,0.34370970726013184,9.353227000246989,0.06734599992341828,9.423375999176642,55.84039998939261,65.84039998939261
"edge_unsandboxed (LAN, no runtime limits)",10,Q_016,True,Weakly Aligned,0.3224361836910248,7.856913000068744,0.08370099931198638,7.943913000417524,52.19890002626926,62.19890002626926
"edge_unsandboxed (LAN, no runtime limits)",10,Q_017,True,Aligned,0.6032370328903198,10.08438099961495,0.0659830002405215,10.152816000299936,54.971200006548315,64.97120000654832
"edge_unsandboxed (LAN, no runtime limits)",10,Q_018,True,Weakly Aligned,0.3878196179866791,7.012093999946956,0.06985500021983171,7.090717999744811,51.53070000233129,61.53070000233129
"edge_unsandboxed (LAN, no runtime limits)",10,Q_019,True,Weakly Aligned,0.3595411479473114,9.796151000045938,0.08740900011616759,9.887227999570314,55.840799992438406,65.8407999924384
"edge_unsandboxed (LAN, no runtime limits)",10,Q_020,True,Weakly Aligned,0.4560834765434265,11.688065000271308,0.06568000026163645,11.756891000004543,55.30100001487881,65.30100001487881
"edge_unsandboxed (LAN, no runtime limits)",10,Q_021,True,Weakly Aligned,0.4628824293613434,8.816372000183037,0.06309000036708312,8.882322999852477,54.27459999918938,64.27459999918938
"edge_unsandboxed (LAN, no runtime limits)",10,Q_022,True,Weakly Aligned,0.4809851050376892,12.718150999717182,0.0981739995040698,12.820259000363876,58.56780003523454,68.56780003523454
"edge_unsandboxed (LAN, no runtime limits)",10,Q_023,True,Weakly Aligned,0.41562822461128235,7.087123000019346,0.08540099952369928,7.175591000304848,51.61470000166446,61.61470000166446
"edge_unsandboxed (LAN, no runtime limits)",10,Q_024,True,Weakly Aligned,0.4756222069263458,6.699218999528966,0.06497499998658895,6.767003999812005,52.71360004553571,62.71360004553571
"edge_unsandboxed (LAN, no runtime limits)",10,Q_025,True,Weakly Aligned,0.33429861068725586,14.523443000143743,0.1100310000765603,14.63773100022081,58.07109997840598,68.07109997840598
"edge_unsandboxed (LAN, no runtime limits)",10,Q_026,True,Weakly Aligned,0.3904377818107605,6.8842689997836715,0.07034800000838004,6.957614000384638,49.91120001068339,59.91120001068339
"edge_unsandboxed (LAN, no runtime limits)",10,Q_027,True,Aligned,0.518998920917511,6.293417000051704,0.06600699998671189,6.36168499931955,52.575399982742965,62.575399982742965
"edge_unsandboxed (LAN, no runtime limits)",10,Q_028,True,Weakly Aligned,0.49521809816360474,5.586687000686652,0.06715099971188465,5.656760999954713,48.486299987416714,58.486299987416714
"edge_unsandboxed (LAN, no runtime limits)",10,Q_029,True,Weakly Aligned,0.35664960741996765,7.146259999899485,0.08136900032695848,7.230635000269103,50.887799996417016,60.887799996417016
"edge_unsandboxed (LAN, no runtime limits)",10,Q_030,True,Weakly Aligned,0.4087938070297241,8.025246000215702,0.0815070006865426,8.109845999570098,54.81469997903332,64.81469997903332
"edge_unsandboxed (LAN, no runtime limits)",10,Q_031,True,Weakly Aligned,0.4175097644329071,9.217657000590407,0.09249400045518996,9.31352599945967,54.226100037340075,64.22610003734007
"edge_unsandboxed (LAN, no runtime limits)",10,Q_032,True,Weakly Aligned,0.4577913284301758,13.127723999787122,0.09909300024446566,13.230821999968612,58.32360003842041,68.32360003842041
"edge_unsandboxed (LAN, no runtime limits)",10,Q_033,True,Weakly Aligned,0.3867712616920471,10.458494999511458,0.08479900043312227,10.546780000368017,54.98419998912141,64.98419998912141
"edge_unsandboxed (LAN, no runtime limits)",10,Q_034,True,Aligned,0.5022075772285461,7.675269999708689,0.07473499954357976,7.753441999739152,50.84739997982979,60.84739997982979
"edge_unsandboxed (LAN, no runtime limits)",10,Q_035,True,Mismatched,0.26987871527671814,10.011437999310147,0.07830400045349961,10.093441999742936,56.03249999694526,66.03249999694526
"edge_unsandboxed (LAN, no runtime limits)",10,Q_036,True,Aligned,0.5485783219337463,7.969473999764887,0.06513100015581585,8.037282999794115,50.91980000725016,60.91980000725016
"edge_unsandboxed (LAN, no runtime limits)",10,Q_037,True,Weakly Aligned,0.47335299849510193,9.027430000060122,0.06302299971139291,9.093198999835295,55.842600006144494,65.8426000061445
"edge_unsandboxed (LAN, no runtime limits)",10,Q_038,True,Weakly Aligned,0.4039768874645233,7.699855999817373,0.0754430002416484,7.778077999319066,50.60529999900609,60.60529999900609
"edge_unsandboxed (LAN, no runtime limits)",10,Q_039,True,Weakly Aligned,0.44424349069595337,9.6786060003069,0.0863919995026663,9.768265999809955,55.89519999921322,65.89519999921322
"edge_unsandboxed (LAN, no runtime limits)",10,Q_040,True,Weakly Aligned,0.3542081415653229,8.134216999678756,0.0654519999443437,8.20246999955998,51.816799968946725,61.816799968946725
"edge_unsandboxed (LAN, no runtime limits)",10,Q_041,True,Aligned,0.5146816968917847,9.240986999429879,0.0982409992502653,9.343855000224721,54.633599997032434,64.63359999703243
"edge_unsandboxed (LAN, no runtime limits)",10,Q_042,True,Weakly Aligned,0.4790075719356537,7.709078000516456,0.06871799996588379,7.781041000271216,51.9699000287801,61.9699000287801
"edge_unsandboxed (LAN, no runtime limits)",10,Q_043,True,Weakly Aligned,0.366904079914093,6.537110999488505,0.06617599956371123,6.606472000385111,52.22820001654327,62.22820001654327
"edge_unsandboxed (LAN, no runtime limits)",10,Q_044,True,Weakly Aligned,0.35650333762168884,10.93630499963183,0.09593499999027699,11.036787999728404,54.48410002281889,64.4841000228189
"edge_unsandboxed (LAN, no runtime limits)",10,Q_045,True,Weakly Aligned,0.30922138690948486,5.949922000581864,0.08207100017898483,6.034422000084305,8.758699987083673,18.758699987083673
"edge_unsandboxed (LAN, no runtime limits)",10,Q_046,True,Weakly Aligned,0.36067673563957214,7.024629000625282,0.1043800002662465,7.132605999686348,50.699700019322336,60.699700019322336
"edge_unsandboxed (LAN, no runtime limits)",10,Q_047,True,Weakly Aligned,0.45402219891548157,8.120309999867459,0.06621699958486715,8.18978799998149,54.00709999958053,64.00709999958053
"edge_unsandboxed (LAN, no runtime limits)",10,Q_048,True,Weakly Aligned,0.4192045032978058,8.052338000197778,0.06407900036720093,8.119272999465466,53.28699998790398,63.28699998790398
"edge_unsandboxed (LAN, no runtime limits)",10,Q_049,True,Aligned,0.5180051922798157,9.357259999887901,0.06500200015580049,9.425298999303777,54.61900000227615,64.61900000227615
"edge_unsandboxed (LAN, no runtime limits)",10,Q_050,True,Aligned,0.5287860631942749,7.135136000215425,0.07685199943807675,7.21491199965385,51.20389995863661,61.20389995863661
"edge_sandboxed (LAN, CPU/mem capped + restricted net)",1,Q_001,True,Weakly Aligned,0.4337548315525055,5485.504528999627,101.24908400030108,5586.762111000098,5636.199000000488,5637.199000000488
"edge_sandboxed (LAN, CPU/mem capped + restricted net)",1,Q_002,True,Weakly Aligned,0.4071418046951294,2194.5465879998665,198.90106700040633,2393.4567759997663,2396.858300024178,2397.858300024178
"edge_sandboxed (LAN, CPU/mem capped + restricted net)",1,Q_003,True,Aligned,0.5696220993995667,1001.7282389999309,0.16088200027297717,1001.8956889998663,1199.1353000048548,1200.1353000048548
"edge_sandboxed (LAN, CPU/mem capped + restricted net)",1,Q_004,True,Weakly Aligned,0.426113486289978,4295.764132999466,100.46238700033427,4396.236110000245,4498.384499980602,4499.384499980602
"edge_sandboxed (LAN, CPU/mem capped + restricted net)",1,Q_005,True,Weakly Aligned,0.3539137840270996,3895.622516000003,0.11129699942102889,3895.7389430006515,3898.322199995164,3899.322199995164
"edge_sandboxed (LAN, CPU/mem capped + restricted net)",1,Q_006,True,Weakly Aligned,0.4058098793029785,1800.0950759997068,0.09811699965212028,1800.1980529998036,1998.825999966357,1999.825999966357
"edge_sandboxed (LAN, CPU/mem capped + restricted net)",1,Q_007,True,Weakly Aligned,0.4804234802722931,1795.8760510000502,0.10348800060455687,1795.9842139998727,1799.1921000066213,1800.1921000066213
"edge_sandboxed (LAN, CPU/mem capped + restricted net)",1,Q_008,True,Weakly Aligned,0.4558425545692444,4999.896541999988,0.12101700031053042,5000.0290710004265,5099.0629000007175,5100.0629000007175
"edge_sandboxed (LAN, CPU/mem capped + restricted net)",1,Q_009,True,Weakly Aligned,0.3963054418563843,3396.434928999952,0.11362199984432664,3396.552941000664,3498.0549000320025,3499.0549000320025
"edge_sandboxed (LAN, CPU/mem capped + restricted net)",1,Q_010,True,Weakly Aligned,0.47404536604881287,2495.606477000365,0.18557200019131415,2495.80034399969,2499.596700014081,2500.596700014081
"edge_sandboxed (LAN, CPU/mem capped + restricted net)",1,Q_011,True,Weakly Aligned,0.47678834199905396,1894.9427730003663,98.92901300008816,1993.8793450000958,2096.3809000095353,2097.3809000095353
"edge_sandboxed (LAN, CPU/mem capped + restricted net)",1,Q_012,True,Weakly Aligned,0.3971976935863495,2796.0758680001163,0.08991499998955987,2796.1699190000218,2895.870600012131,2896.870600012131
"edge_sandboxed (LAN, CPU/mem capped + restricted net)",1,Q_013,True,Weakly Aligned,0.4805901050567627,3097.207736999735,0.15558899940515403,3097.368523000114,3100.614399998449,3101.614399998449
"edge_sandboxed (LAN, CPU/mem capped + restricted net)",1,Q_014,True,Weakly Aligned,0.38891181349754333,4295.386629999484,0.19365400021342793,4295.588465000037,4298.723299987614,4299.723299987614
"edge_sandboxed (LAN, CPU/mem capped + restricted net)",1,Q_015,True,Weakly Aligned,0.34370970726013184,2195.80610399953,199.60832900051173,2395.4244249998737,2398.478199960664,2399.478199960664
"edge_sandboxed (LAN, CPU/mem capped + restricted net)",1,Q_016,True,Weakly Aligned,0.3224361836910248,1796.111118999761,99.18752500016126,1895.3070490006212,1996.613299997989,1997.613299997989
"edge_sandboxed (LAN, CPU/mem capped + restricted net)",1,Q_017,True,Aligned,0.6032370328903198,1898.8260700007231,0.1294940002480871,1898.960759000147,1999.3352000019513,2000.3352000019513
"edge_sandboxed (LAN, CPU/mem capped + restricted net)",1,Q_018,True,Weakly Aligned,0.3878196179866791,3396.6467430000193,0.10788199961098144,3396.7591509999693,3499.623900046572,3500.623900046572
"edge_sandboxed (LAN, CPU/mem capped + restricted net)",1,Q_019,True,Weakly Aligned,0.3595411479473114,2894.7772940000505,0.10310899961041287,2894.8850660008247,2897.0423999708146,2898.0423999708146
"edge_sandboxed (LAN, CPU/mem capped + restricted net)",1,Q_020,True,Weakly Aligned,0.4560834765434265,1996.638007999536,0.06463999943662202,1996.705175999523,1999.3892000056803,2000.3892000056803
"edge_sandboxed (LAN, CPU/mem capped + restricted net)",1,Q_021,True,Weakly Aligned,0.4628824293613434,1900.7490049998523,0.139183000101184,1900.8927760005463,1998.2094999868423,1999.2094999868423
"edge_sandboxed (LAN, CPU/mem capped + restricted net)",1,Q_022,True,Weakly Aligned,0.4809851050376892,997.2478390000106,0.11278199963271618,997.3649719995592,1000.3391000209376,1001.3391000209376
"edge_sandboxed (LAN, CPU/mem capped + restricted net)",1,Q_023,True,Weakly Aligned,0.41562822461128235,1494.8215679996792,0.0818170001366525,1494.9067560000913,1598.0093000107445,1599.0093000107445
"edge_sandboxed (LAN, CPU/mem capped + restricted net)",1,Q_024,True,Weakly Aligned,0.4756222069263458,2696.1101320002854,0.1822240001274622,2696.299364999504,2797.613100032322,2798.613100032322
"edge_sandboxed (LAN, CPU/mem capped + restricted net)",1,Q_025,True,Weakly Aligned,0.33429861068725586,1393.8562890007233,0.12288400012039347,1393.983371000104,1397.7769000339322,1398.7769000339322
"edge_sandboxed (LAN, CPU/mem capped + restricted net)",1,Q_026,True,Weakly Aligned,0.3904377818107605,1996.316542000386,298.8300890001483,2295.1541309994354,2297.7419999660924,2298.7419999660924
"edge_sandboxed (LAN, CPU/mem capped + restricted net)",1,Q_027,True,Aligned,0.518998920917511,3295.762300000206,0.07356999958574306,3295.8431860006385,3298.0605000047944,3299.0605000047944
"edge_sandboxed (LAN, CPU/mem capped + restricted net)",1,Q_028,True,Weakly Aligned,0.49521809816360474,1496.0603019999326,0.09807900005398551,1496.1631059995852,1498.5784000018612,1499.5784000018612
"edge_sandboxed (LAN, CPU/mem capped + restricted net)",1,Q_029,True,Weakly Aligned,0.35664960741996765,1696.4518390004741,0.09921099990606308,1696.5551009998308,1698.721900000237,1699.721900000237
"edge_sandboxed (LAN, CPU/mem capped + restricted net)",1,Q_030,True,Weakly Aligned,0.4087938070297241,1395.4468559995803,0.1491270004407852,1395.6029730006776,1498.8820999860764,1499.8820999860764
"edge_sandboxed (LAN, CPU/mem capped + restricted net)",1,Q_031,True,Weakly Aligned,0.4175097644329071,1499.800237999807,0.09676099944044836,1499.9020699997345,1598.7078999751247,1599.7078999751247
"edge_sandboxed (LAN, CPU/mem capped + restricted net)",1,Q_032,True,Weakly Aligned,0.4577913284301758,1796.706565999557,0.09846800003288081,1796.8092229994,1899.3114000186324,1900.3114000186324
"edge_sandboxed (LAN, CPU/mem capped + restricted net)",1,Q_033,True,Weakly Aligned,0.3867712616920471,1594.873975000155,0.06963899977563415,1594.946295000227,1597.5417000008747,1598.5417000008747
"edge_sandboxed (LAN, CPU/mem capped + restricted net)",1,Q_034,True,Aligned,0.5022075772285461,796.899410000151,98.81726700041327,895.724144000269,898.3910999959335,899.3910999959335
"edge_sandboxed (LAN, CPU/mem capped + restricted net)",1,Q_035,True,Mismatched,0.26987871527671814,1097.1611099994334,0.12200200035294984,1097.2877459998926,1199.9803999788128,1200.9803999788128
"edge_sandboxed (LAN, CPU/mem capped + restricted net)",1,Q_036,True,Aligned,0.5485783219337463,1595.732974999919,98.53231700071774,1694.272687999728,1697.2392000025138,1698.2392000025138
"edge_sandboxed (LAN, CPU/mem capped + restricted net)",1,Q_037,True,Weakly Aligned,0.47335299849510193,1496.8873669995446,98.54939799970452,1595.4426729995248,1598.5979000106454,1599.5979000106454
"edge_sandboxed (LAN, CPU/mem capped + restricted net)",1,Q_038,True,Weakly Aligned,0.4039768874645233,1296.7195089995585,0.06986399966990575,1296.792252999694,1398.0920999892987,1399.0920999892987
"edge_sandboxed (LAN, CPU/mem capped + restricted net)",1,Q_039,True,Weakly Aligned,0.44424349069595337,1597.0878560001438,0.06610299988096813,1597.1566449998136,1599.7765000211075,1600.7765000211075
"edge_sandboxed (LAN, CPU/mem capped + restricted net)",1,Q_040,True,Weakly Aligned,0.3542081415653229,2095.866052999554,0.06475400005001575,2095.9331920003024,2098.6592999543063,2099.6592999543063
"edge_sandboxed (LAN, CPU/mem capped + restricted net)",1,Q_041,True,Aligned,0.5146816968917847,1400.178665000567,0.15903599978628336,1400.3436429993599,1499.0045999875292,1500.0045999875292
"edge_sandboxed (LAN, CPU/mem capped + restricted net)",1,Q_042,True,Weakly Aligned,0.4790075719356537,1795.6216270004006,0.10493299942027079,1795.7304579995252,1898.3500999747775,1899.3500999747775
"edge_sandboxed (LAN, CPU/mem capped + restricted net)",1,Q_043,True,Weakly Aligned,0.366904079914093,1896.232892999251,99.02998199959256,1995.2688249995845,1997.8372000041418,1998.8372000041418
"edge_sandboxed (LAN, CPU/mem capped + restricted net)",1,Q_044,True,Weakly Aligned,0.35650333762168884,1796.5258080002968,0.09160599984170403,1796.6209159994833,1799.2452000034973,1800.2452000034973
"edge_sandboxed (LAN, CPU/mem capped + restricted net)",1,Q_045,True,Weakly Aligned,0.30922138690948486,999.7717100004593,0.10372699944127817,999.8801210003876,1196.739599981811,1197.739599981811
"edge_sandboxed (LAN, CPU/mem capped + restricted net)",1,Q_046,True,Weakly Aligned,0.36067673563957214,995.8183039998403,0.07113900028343778,995.8923829999549,998.4855999937281,999.4855999937281
"edge_sandboxed (LAN, CPU/mem capped + restricted net)",1,Q_047,True,Weakly Aligned,0.45402219891548157,1496.8560540000908,0.10829699931491632,1496.9687209995755,1499.4192000012845,1500.4192000012845
"edge_sandboxed (LAN, CPU/mem capped + restricted net)",1,Q_048,True,Weakly Aligned,0.4192045032978058,1497.5257890000648,0.09711599977890728,1497.6272160001827,1598.6959000001661,1599.6959000001661
"edge_sandboxed (LAN, CPU/mem capped + restricted net)",1,Q_049,True,Aligned,0.5180051922798157,1795.903346999694,0.11030099994968623,1796.01756700049,1799.5057000080124,1800.5057000080124
"edge_sandboxed (LAN, CPU/mem capped + restricted net)",1,Q_050,True,Aligned,0.5287860631942749,3901.0468780006704,0.07740100045339204,3901.127231000828,4198.68289999431,4199.68289999431
"edge_sandboxed (LAN, CPU/mem capped + restricted net)",5,Q_001,True,Weakly Aligned,0.4337548315525055,2500.27633100035,0.06500400013464969,2500.3451689999565,2693.5866000130773,2698.5866000130773
"edge_sandboxed (LAN, CPU/mem capped + restricted net)",5,Q_002,True,Weakly Aligned,0.4071418046951294,1992.4716919995262,0.06622500040975865,1992.5406029997248,2095.0889999512583,2100.0889999512583
"edge_sandboxed (LAN, CPU/mem capped + restricted net)",5,Q_003,True,Aligned,0.5696220993995667,2191.980249000153,0.07214300057967193,2192.054993999591,2194.488500012085,2199.488500012085
"edge_sandboxed (LAN, CPU/mem capped + restricted net)",5,Q_004,True,Weakly Aligned,0.426113486289978,3399.7391780003454,0.1120429997172323,3399.8556449996613,3594.379200018011,3599.379200018011
"edge_sandboxed (LAN, CPU/mem capped + restricted net)",5,Q_005,True,Weakly Aligned,0.3539137840270996,2591.728031000457,0.07317299969145097,2591.80478899998,2593.809699988924,2598.809699988924
"edge_sandboxed (LAN, CPU/mem capped + restricted net)",5,Q_006,True,Weakly Aligned,0.4058098793029785,1792.073349999555,0.06764400040992768,1792.143876999944,1794.0100000123493,1799.0100000123493
"edge_sandboxed (LAN, CPU/mem capped + restricted net)",5,Q_007,True,Weakly Aligned,0.4804234802722931,1892.965256000025,0.08622299992566695,1893.0550109998876,1895.1845999690704,1900.1845999690704
"edge_sandboxed (LAN, CPU/mem capped + restricted net)",5,Q_008,True,Weakly Aligned,0.4558425545692444,3092.919202000303,0.06276700059970608,3092.984912999782,3195.909900008701,3200.909900008701
"edge_sandboxed (LAN, CPU/mem capped + restricted net)",5,Q_009,True,Weakly Aligned,0.3963054418563843,3492.688059000102,0.18584499957796652,3492.8807419992154,3594.646900019143,3599.646900019143
"edge_sandboxed (LAN, CPU/mem capped + restricted net)",5,Q_010,True,Weakly Aligned,0.47404536604881287,1103.6040290000528,94.7997570001462,1198.4107750004114,1293.352100008633,1298.352100008633
"edge_sandboxed (LAN, CPU/mem capped + restricted net)",5,Q_011,True,Weakly Aligned,0.47678834199905396,2392.2223620002114,0.09979999958886765,2392.3277250005412,2394.8838000069372,2399.8838000069372
"edge_sandboxed (LAN, CPU/mem capped + restricted net)",5,Q_012,True,Weakly Aligned,0.3971976935863495,2199.6779680002874,1.3739689993599313,2201.0614639993946,2395.709500007797,2400.709500007797
"edge_sandboxed (LAN, CPU/mem capped + restricted net)",5,Q_013,True,Weakly Aligned,0.4805901050567627,1301.3873930003683,0.06378400030371267,1301.4541530001225,1493.2190999970771,1498.2190999970771
"edge_sandboxed (LAN, CPU/mem capped + restricted net)",5,Q_014,True,Weakly Aligned,0.38891181349754333,1692.366196999501,0.1177849999294267,1692.4882890007211,1695.7646000082605,1700.7646000082605
"edge_sandboxed (LAN, CPU/mem capped + restricted net)",5,Q_015,True,Weakly Aligned,0.34370970726013184,1799.2888050002875,0.08661399988341145,1799.3791119997695,1994.6492000017315,1999.6492000017315
"edge_sandboxed (LAN, CPU/mem capped + restricted net)",5,Q_016,True,Weakly Aligned,0.3224361836910248,2500.0799680001364,0.11801499931607395,2500.2028689996223,2694.158800004516,2699.158800004516
"edge_sandboxed (LAN, CPU/mem capped + restricted net)",5,Q_017,True,Aligned,0.6032370328903198,3492.513071999383,0.11780600016209064,3492.6348270000744,3593.5717999818735,3598.5717999818735
"edge_sandboxed (LAN, CPU/mem capped + restricted net)",5,Q_018,True,Weakly Aligned,0.3878196179866791,1492.3815940001077,0.11972499942203285,1492.5059629995303,1495.5129000009038,1500.5129000009038
"edge_sandboxed (LAN, CPU/mem capped + restricted net)",5,Q_019,True,Weakly Aligned,0.3595411479473114,2100.5798020005386,0.07441599973390112,2100.657656000294,2393.9920000266284,2398.9920000266284
"edge_sandboxed (LAN, CPU/mem capped + restricted net)",5,Q_020,True,Weakly Aligned,0.4560834765434265,2193.0974759998207,0.10813999961101217,2193.2098269999187,2295.6431999919005,2300.6431999919005
"edge_sandboxed (LAN, CPU/mem capped + restricted net)",5,Q_021,True,Weakly Aligned,0.4628824293613434,4891.541163000511,0.1512279995949939,4891.697176999514,4994.744599971455,4999.744599971455
"edge_sandboxed (LAN, CPU/mem capped + restricted net)",5,Q_022,True,Weakly Aligned,0.4809851050376892,1999.1827330004526,0.06599799962714314,1999.2521379999744,2093.427200044971,2098.427200044971
"edge_sandboxed (LAN, CPU/mem capped + restricted net)",5,Q_023,True,Weakly Aligned,0.41562822461128235,1993.9180420005869,0.1837680001699482,1994.108784000673,2095.209099992644,2100.209099992644
"edge_sandboxed (LAN, CPU/mem capped + restricted net)",5,Q_024,True,Weakly Aligned,0.4756222069263458,1901.056069000333,0.07293699945876142,1901.132332999623,2094.546400010586,2099.546400010586
"edge_sandboxed (LAN, CPU/mem capped + restricted net)",5,Q_025,True,Weakly Aligned,0.33429861068725586,1892.838017000031,0.06587699954252457,1892.906629999743,1895.2959000016563,1900.2959000016563
"edge_sandboxed (LAN, CPU/mem capped + restricted net)",5,Q_026,True,Weakly Aligned,0.3904377818107605,2393.645483999535,0.09691200011729961,2393.7465740000334,2396.063400025014,2401.063400025014
"edge_sandboxed (LAN, CPU/mem capped + restricted net)",5,Q_027,True,Aligned,0.518998920917511,2390.066668000145,0.10966500030917814,2390.1806470003066,2393.0546000483446,2398.0546000483446
"edge_sandboxed (LAN, CPU/mem capped + restricted net)",5,Q_028,True,Weakly Aligned,0.49521809816360474,2792.24861000057,0.11520299995027017,2792.3682460004784,2994.2393000237644,2999.2393000237644
"edge_sandboxed (LAN, CPU/mem capped + restricted net)",5,Q_029,True,Weakly Aligned,0.35664960741996765,2292.373858999781,0.12127199988754,2292.4997589998384,2295.5591999925673,2300.5591999925673
"edge_sandboxed (LAN, CPU/mem capped + restricted net)",5,Q_030,True,Weakly Aligned,0.4087938070297241,2100.2017840000917,0.11626800005615223,2100.322643999789,2193.91309999628,2198.91309999628
"edge_sandboxed (LAN, CPU/mem capped + restricted net)",5,Q_031,True,Weakly Aligned,0.4175097644329071,2193.013764999705,0.11160300073242979,2193.129396999211,2195.7008000463247,2200.7008000463247
"edge_sandboxed (LAN, CPU/mem capped + restricted net)",5,Q_032,True,Weakly Aligned,0.4577913284301758,2890.633574000276,0.10959300016111229,2890.7475089999934,2893.8325999770314,2898.8325999770314
"edge_sandboxed (LAN, CPU/mem capped + restricted net)",5,Q_033,True,Weakly Aligned,0.3867712616920471,3898.649186999137,0.07319099950109376,3898.7254960002247,3993.2956999982707,3998.2956999982707
"edge_sandboxed (LAN, CPU/mem capped + restricted net)",5,Q_034,True,Aligned,0.5022075772285461,2292.4012639996363,0.11463000009825919,2292.519951000031,2394.6919000009075,2399.6919000009075
"edge_sandboxed (LAN, CPU/mem capped + restricted net)",5,Q_035,True,Mismatched,0.26987871527671814,1293.0985049997616,0.12224900001456263,1392.0114129996364,1395.8314000046812,1400.8314000046812
"edge_sandboxed (LAN, CPU/mem capped + restricted net)",5,Q_036,True,Aligned,0.5485783219337463,1499.514273999921,0.06441100049414672,1499.5816509999713,1593.6836999608204,1598.6836999608204
"edge_sandboxed (LAN, CPU/mem capped + restricted net)",5,Q_037,True,Weakly Aligned,0.47335299849510193,2092.1245359995737,0.0647589995423914,2092.191780999201,2194.7160999989137,2199.7160999989137
"edge_sandboxed (LAN, CPU/mem capped + restricted net)",5,Q_038,True,Weakly Aligned,0.4039768874645233,4691.702446999443,0.11038399952667532,4691.817330999584,4694.608199992217,4699.608199992217
"edge_sandboxed (LAN, CPU/mem capped + restricted net)",5,Q_039,True,Weakly Aligned,0.44424349069595337,2798.7925690003976,0.13535800007957732,2798.9344249999704,2992.7642000257038,2997.7642000257038
"edge_sandboxed (LAN, CPU/mem capped + restricted net)",5,Q_040,True,Weakly Aligned,0.3542081415653229,1693.0226329996003,0.1091049998649396,1693.136064999635,1795.7362999441102,1800.7362999441102
"edge_sandboxed (LAN, CPU/mem capped + restricted net)",5,Q_041,True,Aligned,0.5146816968917847,1691.692618000161,0.06387000030372292,1691.7590129996825,1794.9864999973215,1799.9864999973215
"edge_sandboxed (LAN, CPU/mem capped + restricted net)",5,Q_042,True,Weakly Aligned,0.4790075719356537,2292.1385159997953,0.1101869993362925,2292.253031000655,2393.7109000398777,2398.7109000398777
"edge_sandboxed (LAN, CPU/mem capped + restricted net)",5,Q_043,True,Weakly Aligned,0.366904079914093,2293.1325380004637,0.07121500038920203,2293.20682999969,2295.356000016909,2300.356000016909
"edge_sandboxed (LAN, CPU/mem capped + restricted net)",5,Q_044,True,Weakly Aligned,0.35650333762168884,3292.1400080003878,0.19195799995941343,3292.3367499997767,3295.4868999659084,3300.4868999659084
"edge_sandboxed (LAN, CPU/mem capped + restricted net)",5,Q_045,True,Weakly Aligned,0.30922138690948486,1500.280653000118,98.86111000014353,1599.1497449995222,1694.1662000026554,1699.1662000026554
"edge_sandboxed (LAN, CPU/mem capped + restricted net)",5,Q_046,True,Weakly Aligned,0.36067673563957214,1891.7298490005123,0.06826099979662104,1891.8009089993575,1894.084500032477,1899.084500032477
"edge_sandboxed (LAN, CPU/mem capped + restricted net)",5,Q_047,True,Weakly Aligned,0.45402219891548157,2192.205006000222,0.08778899973549414,2192.296277999958,2194.615399988834,2199.615399988834
"edge_sandboxed (LAN, CPU/mem capped + restricted net)",5,Q_048,True,Weakly Aligned,0.4192045032978058,1992.6731979994656,0.11155099946336122,1992.7888659995006,1995.2599999960512,2000.2599999960512
"edge_sandboxed (LAN, CPU/mem capped + restricted net)",5,Q_049,True,Aligned,0.5180051922798157,2892.710504999741,0.07007600015640492,2892.783581999538,2993.5956000117585,2998.5956000117585
"edge_sandboxed (LAN, CPU/mem capped + restricted net)",5,Q_050,True,Aligned,0.5287860631942749,2992.2839589999057,0.06812199990235968,2992.3547090002103,2994.7707999963313,2999.7707999963313
"edge_sandboxed (LAN, CPU/mem capped + restricted net)",10,Q_001,True,Weakly Aligned,0.4337548315525055,2199.8342390006655,0.1576289996592095,2199.997392000114,2389.029899961315,2399.029899961315
"edge_sandboxed (LAN, CPU/mem capped + restricted net)",10,Q_002,True,Weakly Aligned,0.4071418046951294,1888.860272999409,0.1280490005228785,1888.9937570002076,1989.9544999934733,1999.9544999934733
"edge_sandboxed (LAN, CPU/mem capped + restricted net)",10,Q_003,True,Aligned,0.5696220993995667,2486.7071710004893,0.063829000282567,2486.7733949995454,2489.2408000305295,2499.2408000305295
"edge_sandboxed (LAN, CPU/mem capped + restricted net)",10,Q_004,True,Weakly Aligned,0.426113486289978,2186.156638999819,0.10972000018227845,2186.2705350004035,2289.3677999963984,2299.3677999963984
"edge_sandboxed (LAN, CPU/mem capped + restricted net)",10,Q_005,True,Weakly Aligned,0.3539137840270996,3185.620557999755,1.0046249999504653,3186.633838000489,3189.364599995315,3199.364599995315
"edge_sandboxed (LAN, CPU/mem capped + restricted net)",10,Q_006,True,Weakly Aligned,0.4058098793029785,2486.121923999235,0.08617700041213538,2486.2110249996476,2588.6168000288308,2598.6168000288308
"edge_sandboxed (LAN, CPU/mem capped + restricted net)",10,Q_007,True,Weakly Aligned,0.4804234802722931,2086.7858399997203,0.10267300058330875,2086.892101999183,2189.7283999715,2199.7283999715
"edge_sandboxed (LAN, CPU/mem capped + restricted net)",10,Q_008,True,Weakly Aligned,0.4558425545692444,1686.4621890008493,0.06594800015591318,1686.5313969992712,1887.6856000279076,1897.6856000279076
"edge_sandboxed (LAN, CPU/mem capped + restricted net)",10,Q_009,True,Weakly Aligned,0.3963054418563843,2188.333110999338,0.07154800005082507,2188.4074670006157,2290.5244999565184,2300.5244999565184
"edge_sandboxed (LAN, CPU/mem capped + restricted net)",10,Q_010,True,Weakly Aligned,0.47404536604881287,2088.026164999974,0.08539000009477604,2088.1148959997518,2090.5360999749973,2100.5360999749973
"edge_sandboxed (LAN, CPU/mem capped + restricted net)",10,Q_011,True,Weakly Aligned,0.47678834199905396,1485.550848999992,0.07517199992435053,1485.6285730002128,1487.645999994129,1497.645999994129
"edge_sandboxed (LAN, CPU/mem capped + restricted net)",10,Q_012,True,Weakly Aligned,0.3971976935863495,3586.804098000357,0.11139599973830627,3586.919725000371,3689.752899983432,3699.752899983432
"edge_sandboxed (LAN, CPU/mem capped + restricted net)",10,Q_013,True,Weakly Aligned,0.4805901050567627,1986.4978020004855,0.11314200037304545,1986.6149949993996,2088.810499990359,2098.810499990359
"edge_sandboxed (LAN, CPU/mem capped + restricted net)",10,Q_014,True,Weakly Aligned,0.38891181349754333,1387.295952000386,0.12139699992985697,1387.4229550001473,1390.4008999816142,1400.4008999816142
"edge_sandboxed (LAN, CPU/mem capped + restricted net)",10,Q_015,True,Weakly Aligned,0.34370970726013184,1887.1844659997805,0.06553000002895715,1887.2525710003174,1889.219000004232,1899.219000004232
"edge_sandboxed (LAN, CPU/mem capped + restricted net)",10,Q_016,True,Weakly Aligned,0.3224361836910248,2386.4227989997744,0.10423599997011479,2386.531670000295,2389.882299990859,2399.882299990859
"edge_sandboxed (LAN, CPU/mem capped + restricted net)",10,Q_017,True,Aligned,0.6032370328903198,2798.6654059996,0.11123199965368258,2798.781032000079,2988.5614999802783,2998.5614999802783
"edge_sandboxed (LAN, CPU/mem capped + restricted net)",10,Q_018,True,Weakly Aligned,0.3878196179866791,2586.619136999616,0.09486799990554573,2586.718185000791,2589.5619000075385,2599.5619000075385
"edge_sandboxed (LAN, CPU/mem capped + restricted net)",10,Q_019,True,Weakly Aligned,0.3595411479473114,2587.127010000586,100.5655899998601,2687.6995019993046,2788.8311999849975,2798.8311999849975
"edge_sandboxed (LAN, CPU/mem capped + restricted net)",10,Q_020,True,Weakly Aligned,0.4560834765434265,2187.5397449994125,0.09275599950342439,2187.6358569998047,2189.827599970158,2199.827599970158
"edge_sandboxed (LAN, CPU/mem capped + restricted net)",10,Q_021,True,Weakly Aligned,0.4628824293613434,1886.8336949999502,0.09743700047692982,1886.934502999793,1888.8809999916703,1898.8809999916703
"edge_sandboxed (LAN, CPU/mem capped + restricted net)",10,Q_022,True,Weakly Aligned,0.4809851050376892,3087.239168000451,0.06782999935239786,3087.3098279998885,3089.7003999562003,3099.7003999562003
"edge_sandboxed (LAN, CPU/mem capped + restricted net)",10,Q_023,True,Weakly Aligned,0.41562822461128235,2688.485961999504,0.11019400062650675,2688.6006370004907,2789.2745999852195,2799.2745999852195
"edge_sandboxed (LAN, CPU/mem capped + restricted net)",10,Q_024,True,Weakly Aligned,0.4756222069263458,3588.0737560000853,0.09993200001190417,3588.1775429998015,3590.532500005793,3600.532500005793
"edge_sandboxed (LAN, CPU/mem capped + restricted net)",10,Q_025,True,Weakly Aligned,0.33429861068725586,1986.691327000699,0.09990899980039103,1986.7951189999076,2088.21600000374,2098.21600000374
"edge_sandboxed (LAN, CPU/mem capped + restricted net)",10,Q_026,True,Weakly Aligned,0.3904377818107605,1787.2923169998103,0.07349999941652641,1787.3685690001366,1789.4710000255145,1799.4710000255145
"edge_sandboxed (LAN, CPU/mem capped + restricted net)",10,Q_027,True,Aligned,0.518998920917511,1086.5631540000322,0.08585799969296204,1086.6517260001274,1089.3903000396676,1099.3903000396676
"edge_sandboxed (LAN, CPU/mem capped + restricted net)",10,Q_028,True,Weakly Aligned,0.49521809816360474,786.8142819997956,0.0844490004965337,786.9079949996376,789.1510999761522,799.1510999761522
"edge_sandboxed (LAN, CPU/mem capped + restricted net)",10,Q_029,True,Weakly Aligned,0.35664960741996765,1087.502055999721,0.08499300020048395,1087.5898449994565,1089.6747999940999,1099.6747999940999
"edge_sandboxed (LAN, CPU/mem capped + restricted net)",10,Q_030,True,Weakly Aligned,0.4087938070297241,1000.1916840001286,0.08720899950276362,1000.2823710001394,1090.2019999921322,1100.2019999921322
"edge_sandboxed (LAN, CPU/mem capped + restricted net)",10,Q_031,True,Weakly Aligned,0.4175097644329071,2687.3725400000694,0.07898100011516362,2687.4553880006715,2789.4161000149325,2799.4161000149325
"edge_sandboxed (LAN, CPU/mem capped + restricted net)",10,Q_032,True,Weakly Aligned,0.4577913284301758,2187.3062490003576,99.20823900029063,2286.522221999803,2289.076099987142,2299.076099987142
"edge_sandboxed (LAN, CPU/mem capped + restricted net)",10,Q_033,True,Weakly Aligned,0.3867712616920471,1499.1942080005174,0.07393800024146913,1499.2722570004844,1589.18559999438,1599.18559999438
"edge_sandboxed (LAN, CPU/mem capped + restricted net)",10,Q_034,True,Aligned,0.5022075772285461,2086.39467500052,0.5305160002535558,2086.9320399997378,2090.064899995923,2100.064899995923
"edge_sandboxed (LAN, CPU/mem capped + restricted net)",10,Q_035,True,Mismatched,0.26987871527671814,1887.0643039999777,0.10539400045672664,1887.1726950001175,1889.17360000778,1899.17360000778
"edge_sandboxed (LAN, CPU/mem capped + restricted net)",10,Q_036,True,Aligned,0.5485783219337463,1286.3140009994822,0.11586699929466704,1286.433441000554,1289.7304000216536,1299.7304000216536
"edge_sandboxed (LAN, CPU/mem capped + restricted net)",10,Q_037,True,Weakly Aligned,0.47335299849510193,1286.5144280003733,0.07052000000840053,1286.5874429999167,1288.8669000240043,1298.8669000240043
"edge_sandboxed (LAN, CPU/mem capped + restricted net)",10,Q_038,True,Weakly Aligned,0.4039768874645233,1985.186904999864,0.08368599992536474,1985.274314999515,1988.4350000065751,1998.4350000065751
"edge_sandboxed (LAN, CPU/mem capped + restricted net)",10,Q_039,True,Weakly Aligned,0.44424349069595337,3588.0755190000855,0.06603100064239698,3588.144344000284,3590.0772999739274,3600.0772999739274
"edge_sandboxed (LAN, CPU/mem capped + restricted net)",10,Q_040,True,Weakly Aligned,0.3542081415653229,1986.8988200005333,0.07906500013632467,1986.981200999253,1989.27660001209,1999.27660001209
"edge_sandboxed (LAN, CPU/mem capped + restricted net)",10,Q_041,True,Aligned,0.5146816968917847,2999.7905099999116,0.06376700002874713,2999.8569679992215,3189.0472000231966,3199.0472000231966
"edge_sandboxed (LAN, CPU/mem capped + restricted net)",10,Q_042,True,Weakly Aligned,0.4790075719356537,1887.0433030006097,0.1051520002874895,1887.1525310005381,1890.1712999795564,1900.1712999795564
"edge_sandboxed (LAN, CPU/mem capped + restricted net)",10,Q_043,True,Weakly Aligned,0.366904079914093,5386.455228999694,0.08594999962951988,5386.54447800036,5388.686400023289,5398.686400023289
"edge_sandboxed (LAN, CPU/mem capped + restricted net)",10,Q_044,True,Weakly Aligned,0.35650333762168884,2899.8338800001875,0.08325699945999077,2899.920576999648,3091.0975000006147,3101.0975000006147
"edge_sandboxed (LAN, CPU/mem capped + restricted net)",10,Q_045,True,Weakly Aligned,0.30922138690948486,1986.974956999802,0.10716499946283875,1987.0863669993923,1989.8874000064097,1999.8874000064097
"edge_sandboxed (LAN, CPU/mem capped + restricted net)",10,Q_046,True,Weakly Aligned,0.36067673563957214,2186.2160010005027,0.0911130000531557,2186.310279999816,2188.3267000084743,2198.3267000084743
"edge_sandboxed (LAN, CPU/mem capped + restricted net)",10,Q_047,True,Weakly Aligned,0.45402219891548157,5986.612444000457,0.18670700046641286,5986.8038929998875,6088.415200007148,6098.415200007148
"edge_sandboxed (LAN, CPU/mem capped + restricted net)",10,Q_048,True,Weakly Aligned,0.4192045032978058,2587.0991949996096,0.07053500030451687,2587.1724470007393,2589.3019000068307,2599.3019000068307
"edge_sandboxed (LAN, CPU/mem capped + restricted net)",10,Q_049,True,Aligned,0.5180051922798157,1687.6809189998312,0.13525700069294544,1687.8223409994462,1690.9800000139512,1700.9800000139512
"edge_sandboxed (LAN, CPU/mem capped + restricted net)",10,Q_050,True,Aligned,0.5287860631942749,1886.0800800002835,0.06399199992301874,1886.1464159999741,1888.1892000208609,1898.1892000208609
