item_id,target_role,item_text,gold_label,metadata,jd_text
Q_001,Product Manager,"When defining the PRD for a new Video Conference system, how would you identify and prioritize user needs across different enterprise segments, and how would the overall product architecture influence your prioritization decisions?",Mismatched,High_level lexical trap,
Q_002,Product Manager,"A large enterprise customer requests multiple Video Conference features at once. How would you evaluate user value, business impact, and system adoption metrics to determine the product roadmap without focusing on technical implementation details?",Mismatched,High_level lexical trap,
Q_003,Product Manager,"How would you design the user experience for a Video Conference system where the underlying architecture supports both small team meetings and large-scale town halls, while keeping the interface intuitive for different user groups?",Mismatched,High_level lexical trap,
Q_004,Product Manager,"What product metrics would you use to measure the success of a Video Conference system, and how would you connect user satisfaction, business outcomes, and perceived system quality in your analysis?",Mismatched,High_level lexical trap,
Q_005,Product Manager,"If customer feedback suggests that users perceive a Video Conference system as unreliable, how would you investigate the user journey, gather insights, and translate findings into product requirements and architecture-level product decisions?",Mismatched,High_level lexical trap,
Q_006,Product Manager,"How would you create a market-entry strategy for a new enterprise Video Conference system in a highly competitive market, and how would user personas and ecosystem architecture influence product positioning?",Mismatched,High_level lexical trap,
Q_007,Product Manager,"When planning future releases for a Video Conference product, how would you balance requests related to user collaboration workflows, system administration experience, and architecture scalability from a business perspective?",Mismatched,High_level lexical trap,
Q_008,Product Manager,"How would you conduct user research to understand why organizations switch from one Video Conference system to another, and how would those insights shape your product vision and long-term architecture strategy?",Mismatched,High_level lexical trap,
Q_009,Product Manager,"Imagine executive stakeholders want to differentiate a Video Conference system through AI-powered experiences. How would you evaluate user demand, market trends, and architecture implications when defining the product strategy and PRD?",Mismatched,High_level lexical trap,
Q_010,Product Manager,"For a global Video Conference system serving diverse industries, how would you prioritize user experience, compliance expectations, system management requirements, and platform architecture considerations when developing a multi-year product roadmap?",Mismatched,High_level lexical trap,
Q_011,Product Manager,"How would you define the product vision and roadmap for an enterprise Video Conferencing system serving hybrid work, online education, webinars, and customer engagement use cases?",Mismatched,High_level lexical trap,
Q_012,Product Manager,"When writing a PRD for a new Video Conference meeting lifecycle feature, how would you translate user pain points from scheduling, joining, in-meeting collaboration, recording, and post-meeting sharing into clear requirements and acceptance criteria?",Mismatched,High_level lexical trap,
Q_013,Product Manager,"How would you prioritize competing user requests for a Video Conferencing platform, such as improved onboarding, advanced admin controls, recording retention, and integration with enterprise calendars?",Mismatched,High_level lexical trap,
Q_014,Product Manager,"What product metrics would you use to evaluate whether a Video Conference system is successfully driving adoption, engagement, retention, and enterprise account growth?",Mismatched,High_level lexical trap,
Q_015,Product Manager,How would you conduct customer discovery to identify unmet user needs and adoption barriers in enterprise Video Conference workflows across different industries and organization sizes?,Mismatched,High_level lexical trap,
Q_016,Product Manager,"A competitor launches a differentiated Video Conference product with stronger ecosystem integrations and premium collaboration features. How would you assess the market impact and adjust your product positioning, pricing, or roadmap?",Mismatched,High_level lexical trap,
Q_017,Product Manager,"How would you improve the UI/UX of a Video Conferencing system for first-time users, enterprise administrators, and frequent meeting hosts while balancing simplicity with feature depth?",Mismatched,High_level lexical trap,
Q_018,Product Manager,"How would you build a business case for investing in new enterprise governance, security, privacy, and compliance capabilities within a Video Conference product?",Mismatched,High_level lexical trap,
Q_019,Product Manager,"How would you coordinate across engineering, UX, sales, marketing, customer success, and leadership teams to align on a Video Conference product launch and ensure the architecture-level product narrative is understood by both technical and non-technical stakeholders?",Mismatched,High_level lexical trap,
Q_020,Product Manager,"How would you define monetization and packaging strategy for a Video Conferencing system, including free-tier, premium, enterprise subscription, seat-based licensing, and value-added administration features?",Mismatched,High_level lexical trap,
Q_021,Product Manager,"How would you define the product vision for a Video Conference platform targeting large enterprise customers, and what market trends would influence your strategy?",Mismatched,High_level lexical trap,
Q_022,Product Manager,Describe how you would gather and prioritize user requirements when multiple enterprise clients request competing features for the Video Conference system.,Mismatched,High_level lexical trap,
Q_023,Product Manager,"What key sections would you include in a PRD for a new Video Conference feature, and how would you ensure alignment between user needs and business goals?",Mismatched,High_level lexical trap,
Q_024,Product Manager,How would you improve the user experience of a Video Conference system that receives complaints about meeting reliability and participant engagement?,Mismatched,High_level lexical trap,
Q_025,Product Manager,A competitor launches a new Video Conference product with advanced collaboration capabilities. How would you evaluate the competitive threat and adjust your product roadmap?,Mismatched,High_level lexical trap,
Q_026,Product Manager,"How would you measure the success of a Video Conference feature after launch? Which user, business, and system-level metrics would you monitor?",Mismatched,High_level lexical trap,
Q_027,Product Manager,Enterprise customers often have complex organizational structures and workflows. How would you design a Video Conference product experience that serves both administrators and end users effectively?,Mismatched,High_level lexical trap,
Q_028,Product Manager,"How would you balance requests for new functionality against the need to improve the overall stability, scalability, and usability of the Video Conference system?",Mismatched,High_level lexical trap,
Q_029,Product Manager,Describe how you would conduct customer interviews and market research to identify unmet user needs within the enterprise Video Conference market.,Mismatched,High_level lexical trap,
Q_030,Product Manager,"If your company wanted to expand its Video Conference platform into new industries such as healthcare, education, or financial services, how would you evaluate the opportunity and define the product strategy?",Mismatched,High_level lexical trap,
Q_031,Product Manager,"How would you write a PRD for a Video Conference platform initiative aimed at reducing user churn in regions with unstable network conditions, while balancing business objectives, user experience, and expectations around low-latency system performance?",Mismatched,High_level lexical trap,
Q_032,Product Manager,"When prioritizing roadmap investments, how would you decide between improving Video Conference user workflows, enhancing observability dashboards, refining QoS-related user experiences, and expanding enterprise administration capabilities?",Mismatched,High_level lexical trap,
Q_033,Product Manager,"A strategic customer requests greater transparency into packet loss, latency, and meeting quality metrics. From a Product Manager perspective, how would you determine whether exposing these system signals creates meaningful user value?",Mismatched,High_level lexical trap,
Q_034,Product Manager,"How would you segment users of a Video Conference ecosystem—including meeting hosts, participants, IT administrators, and compliance officers—and translate their requirements into a unified product architecture and feature roadmap?",Mismatched,High_level lexical trap,
Q_035,Product Manager,Suppose customer feedback indicates that users perceive meetings as unreliable despite acceptable RTC quality metrics. How would you investigate the gap between measured system performance and perceived user experience?,Mismatched,High_level lexical trap,
Q_036,Product Manager,"How would you evaluate the business case for introducing AI-powered meeting experiences into a Video Conference platform, considering user adoption, competitive differentiation, platform architecture constraints, and enterprise purchasing criteria?",Mismatched,High_level lexical trap,
Q_037,Product Manager,"Enterprise customers often request advanced controls related to security, encryption, compliance, and data governance. How would you balance these requirements against usability goals when defining the Video Conference product strategy?",Mismatched,High_level lexical trap,
Q_038,Product Manager,"If your organization were considering expansion into large-scale hybrid events, what market research and user discovery activities would you conduct to determine whether the existing Video Conference architecture and product positioning are sufficient?",Mismatched,High_level lexical trap,
Q_039,Product Manager,"During quarterly planning, how would you prioritize investments across meeting engagement features, mobile user experience, multi-device interoperability, analytics dashboards, and large-conference scalability requirements within the overall Video Conference system roadmap?",Mismatched,High_level lexical trap,
Q_040,Product Manager,"How would you define success metrics for a Video Conference product initiative focused on enterprise adoption, considering user retention, meeting frequency, session quality perceptions, administrative efficiency, and platform architecture evolution over time?",Mismatched,High_level lexical trap,
Q_041,Product Manager,"How would you evaluate and prioritize product investments between improving Video Conference meeting engagement features and enhancing user-perceived quality in scenarios involving packet loss, network jitter, and varying QoS conditions across enterprise environments?",Mismatched,High_level lexical trap,
Q_042,Product Manager,"A multinational customer requests a unified Video Conference experience across desktop, mobile, and conference-room systems. How would you define the product requirements, user journeys, and success metrics for such a cross-platform initiative?",Mismatched,High_level lexical trap,
Q_043,Product Manager,"When developing a long-term roadmap for a Video Conference platform, how would you balance user-facing innovation with strategic investments in platform architecture, scalability, observability, and operational excellence?",Mismatched,High_level lexical trap,
Q_044,Product Manager,"How would you determine whether introducing advanced meeting analytics, RTC quality insights, and real-time monitoring dashboards would create measurable value for different user segments and enterprise decision-makers?",Mismatched,High_level lexical trap,
Q_045,Product Manager,"Suppose enterprise administrators report difficulty managing large-scale deployments of a Video Conference system. How would you identify pain points, validate user needs, and prioritize improvements within the product backlog?",Mismatched,High_level lexical trap,
Q_046,Product Manager,"How would you assess the market opportunity for a Video Conference offering optimized for highly regulated industries that have strict requirements around security, encryption, compliance, and data governance architecture?",Mismatched,High_level lexical trap,
Q_047,Product Manager,"A key customer requests deeper integration between the Video Conference platform and existing enterprise communication ecosystems. How would you evaluate user demand, business impact, and product positioning before committing roadmap resources?",Mismatched,High_level lexical trap,
Q_048,Product Manager,"How would you design a product strategy for improving meeting reliability perceptions among users when internal system metrics indicate healthy RTC performance, stable media delivery, and acceptable latency levels?",Mismatched,High_level lexical trap,
Q_049,Product Manager,"When defining the vision for the next generation of a Video Conference system, how would you incorporate emerging trends such as AI-assisted collaboration, hybrid work, real-time transcription, and intelligent meeting workflows into the product roadmap?",Mismatched,High_level lexical trap,
Q_050,Product Manager,"How would you establish a framework for prioritizing competing requests related to user experience, enterprise administration, observability capabilities, platform architecture evolution, and large-scale concurrent meeting support within a Video Conference ecosystem?",Mismatched,High_level lexical trap,
Q_051,Video Conferencing Sales,"Tell me about a time you carried a substantial annual sales quota for a Video Conference solution or comparable B2B technology. How did you structure your territory, pipeline, and weekly performance reviews to achieve or exceed the target?",Mismatched,Low_level lexical trap,
Q_052,Video Conferencing Sales,"How would you build a prospecting strategy to win net-new enterprise clients for a Video Conference system when the target market already contains established solution providers? Which buyer profiles, outreach channels, and qualification criteria would you prioritize?",Mismatched,Low_level lexical trap,
Q_053,Video Conferencing Sales,"A strategic customer wants a multi-year Video Conference solution contract but requests aggressive discounts, flexible termination rights, and extended payment terms. How would you negotiate the commercial agreement while protecting revenue, margin, and account value?",Mismatched,Low_level lexical trap,
Q_054,Video Conferencing Sales,"What sales stages, qualification evidence, and CRM controls would you use to forecast the performance of a Video Conference system pipeline accurately? How would you prevent optimistic solution opportunities from distorting the forecast?",Mismatched,Low_level lexical trap,
Q_055,Video Conferencing Sales,"When meeting a CFO, procurement leader, and business sponsor, how would you position a Video Conference solution in terms of business value, organizational outcomes, and return on investment rather than relying on a feature-led system presentation?",Mismatched,Low_level lexical trap,
Q_056,Video Conferencing Sales,"A prospect is satisfied with an incumbent Video Conference system, while a second competitor is offering a lower price. How would you create urgency, differentiate your solution, and improve win performance without defaulting to excessive discounting?",Mismatched,Low_level lexical trap,
Q_057,Video Conferencing Sales,"An enterprise Video Conference solution purchase involves business leaders, procurement, finance, legal, security, and end-user representatives. How would you map influence, manage objections, maintain momentum, and guide the system opportunity toward closure?",Mismatched,Low_level lexical trap,
Q_058,Video Conferencing Sales,"After closing an initial Video Conference system agreement, how would you work with the account to increase adoption, uncover additional use cases, generate cross-sell or upsell opportunities, and improve the commercial performance of the solution relationship?",Mismatched,Low_level lexical trap,
Q_059,Video Conferencing Sales,"Halfway through the quarter, your Video Conference solution pipeline coverage falls below plan and several major system deals have slipped. What commercial actions would you take to rebuild coverage, accelerate qualified opportunities, and recover quota performance?",Mismatched,Low_level lexical trap,
Q_060,Video Conferencing Sales,"Customers repeatedly raise concerns about the positioning, packaging, and pricing of the Video Conference solution. How would you distinguish individual negotiation tactics from meaningful market evidence and communicate that evidence to product, marketing, and sales leadership without taking ownership of system engineering decisions?",Mismatched,Low_level lexical trap,
Q_061,Video Conferencing Sales,"How would you segment a territory and prioritize enterprise prospects for a cloud-native Video Conference solution involving APIs, SDKs, media processing, edge infrastructure, and distributed systems, while ensuring that your account strategy supports quota attainment and efficient customer acquisition?",Mismatched,Low_level lexical trap,
Q_062,Video Conferencing Sales,"During discovery, a prospect discusses codec compatibility, adaptive bitrate, cloud architecture, encryption, identity management, and endpoint interoperability. Without attempting to engineer the Video Conference system, how would you convert those topics into business needs, qualification criteria, buying urgency, and a compelling commercial solution?",Mismatched,Low_level lexical trap,
Q_063,Video Conferencing Sales,"How would you construct a value-based pricing proposal for a Video Conference solution offered through SaaS, PaaS, APIs, SDK consumption, cloud recording, analytics, and CDN services? How would you determine whether seat-based, usage-based, or enterprise pricing would produce the strongest revenue performance?",Mismatched,Low_level lexical trap,
Q_064,Video Conferencing Sales,"A procurement team argues that competing Video Conference systems offer equivalent latency, scalability, availability, security, and integration performance at a lower price. How would you challenge the comparison, defend commercial value, and negotiate without becoming responsible for technical validation?",Mismatched,Low_level lexical trap,
Q_065,Video Conferencing Sales,"A prospect has completed a Video Conference solution proof of concept covering SSO, calendar integration, room endpoints, cloud recording, dashboards, and administrative controls, but has not committed to purchase. How would you convert technical interest into an approved business case, commercial timeline, and signed contract?",Mismatched,Low_level lexical trap,
Q_066,Video Conferencing Sales,"How would you recruit and motivate resellers, system integrators, cloud partners, and managed-service providers to sell a Video Conference system involving multi-tenant architecture, identity federation, enterprise APIs, and hybrid-cloud deployment, while preventing channel conflict and protecting sales performance?",Mismatched,Low_level lexical trap,
Q_067,Video Conferencing Sales,"An enterprise customer reports declining adoption of its Video Conference solution, despite acceptable uptime, service availability, dashboard telemetry, recording capacity, and integration status. How would you identify the commercial causes of churn risk, create an adoption plan, and negotiate a successful renewal?",Mismatched,Low_level lexical trap,
Q_068,Video Conferencing Sales,"Customer analytics show growing consumption of cloud recording, storage, transcription, media processing, webinar capacity, API calls, and concurrent sessions within a Video Conference system. How would you use these signals to develop an expansion proposal without presenting yourself as the engineer responsible for system performance?",Mismatched,Low_level lexical trap,
Q_069,Video Conferencing Sales,"A regulated enterprise raises concerns about encryption, data residency, access control, audit logs, retention policies, identity federation, and compliance architecture within your Video Conference solution. How would you manage the sales conversation, involve appropriate specialists, maintain deal momentum, and avoid making unsupported technical commitments?",Mismatched,Low_level lexical trap,
Q_070,Video Conferencing Sales,"How would you build an executive account plan for a global customer seeking a Video Conference system across multiple regions, business units, cloud environments, directory services, room devices, and collaboration platforms? Explain how you would map decision-makers, quantify opportunity value, manage contract complexity, and forecast commercial performance.",Mismatched,Low_level lexical trap,
Q_071,Video Conferencing Sales,"You have 30 target accounts interested in enterprise Video Conference solutions, but only limited time and sales-engineering support. How would you prioritize the accounts using potential contract value, buying urgency, stakeholder access, competitive position, and technical fit?",Mismatched,Low_level lexical trap,
Q_072,Video Conferencing Sales,"A prospect mentions cloud recording, calendar integration, single sign-on, room devices, and analytics dashboards during a Video Conference system discovery call. What business questions would you ask to uncover measurable pain points, buying motivation, budget, and decision criteria?",Mismatched,Low_level lexical trap,
Q_073,Video Conferencing Sales,"Your annual target is based on new subscriptions and expansion revenue for a Video Conference solution. How would you calculate the pipeline coverage needed, balance large enterprise deals against smaller opportunities, and monitor sales performance throughout the year?",Mismatched,Low_level lexical trap,
Q_074,Video Conferencing Sales,"How would you recommend an appropriate package when a customer is comparing free, premium, seat-based, and usage-based Video Conference plans that include different levels of storage, webinar capacity, administrative controls, and API consumption?",Mismatched,Low_level lexical trap,
Q_075,Video Conferencing Sales,"A customer asks for lower pricing while also requesting additional recording capacity, security controls, platform integrations, and service support. How would you negotiate the Video Conference solution contract without reducing price and increasing scope at the same time?",Mismatched,Low_level lexical trap,
Q_076,Video Conferencing Sales,"How would you create a business case for a Video Conference system by linking features such as meeting-room integration, centralized administration, and usage analytics to cost savings, workforce productivity, customer engagement, or revenue growth?",Mismatched,Low_level lexical trap,
Q_077,Video Conferencing Sales,"The business sponsor supports your Video Conference solution, but procurement is focused on price, security teams are reviewing access controls, and finance questions the expected ROI. How would you tailor your sales message and next steps for each stakeholder?",Mismatched,Low_level lexical trap,
Q_078,Video Conferencing Sales,"Before renewal, a competitor offers the customer a lower-cost Video Conference system with similar headline features. How would you use adoption data, relationship value, switching risk, service experience, and commercial incentives to retain the account?",Mismatched,Low_level lexical trap,
Q_079,Video Conferencing Sales,"A customer’s dashboard shows increased webinar attendance, meeting frequency, recording consumption, and active seats. How would you convert these system usage indicators into a credible expansion conversation while avoiding an overly aggressive sales approach?",Mismatched,Low_level lexical trap,
Q_080,Video Conferencing Sales,"A major Video Conference solution opportunity has completed its product evaluation, but legal review and budget approval remain unresolved. What evidence would you require before including it in your commit forecast, and what actions would you take to reach closure?",Mismatched,Low_level lexical trap,
Q_081,Video Conferencing Sales,"An enterprise prospect is evaluating a Video Conference solution as part of a broader digital workplace, cloud collaboration, identity management, and productivity platform initiative. How would you position the commercial value of the solution and secure executive sponsorship across multiple business units?",Mismatched,Low_level lexical trap,
Q_082,Video Conferencing Sales,"A customer is considering a Video Conference system that includes webinars, cloud recording, analytics dashboards, administrative controls, API access, and enterprise integrations. How would you structure the sales process to maximize deal size while preventing the opportunity from becoming overly complex?",Mismatched,Low_level lexical trap,
Q_083,Video Conferencing Sales,"A prospect spends most meetings discussing SSO, security policies, compliance controls, CDN architecture, scalability, and platform integrations, but rarely discusses budget or business outcomes. How would you redirect the conversation toward commercial priorities and increase the likelihood of closing the solution?",Mismatched,Low_level lexical trap,
Q_084,Video Conferencing Sales,"A global customer wants to compare seat-based licensing, enterprise subscriptions, usage-based billing, webinar capacity pricing, cloud storage pricing, and premium feature packages for a Video Conference system. How would you guide the purchasing decision while maximizing long-term account value?",Mismatched,Low_level lexical trap,
Q_085,Video Conferencing Sales,"You are targeting an account currently using a competing Video Conference platform that advertises strong security, analytics, integrations, mobile support, recording capabilities, and administrative management tools. How would you build a competitive displacement strategy that improves sales performance without relying primarily on price discounts?",Mismatched,Low_level lexical trap,
Q_086,Video Conferencing Sales,"A Video Conference solution evaluation involves IT leadership, HR, operations, procurement, finance, learning teams, and executive management. How would you ensure all stakeholders see value in the same system while maintaining momentum toward a purchasing decision?",Mismatched,Low_level lexical trap,
Q_087,Video Conferencing Sales,"A customer's usage dashboard shows growth in meeting volume, webinar attendance, active seats, recording consumption, room-system usage, mobile participation, and collaboration activity. How would you convert these metrics into a strategic expansion and renewal conversation?",Mismatched,Low_level lexical trap,
Q_088,Video Conferencing Sales,"A regulated enterprise requires extensive reviews related to encryption, identity federation, access controls, audit logging, governance frameworks, compliance reporting, and data retention policies before purchasing a Video Conference solution. How would you keep the sales cycle advancing while avoiding unnecessary delays?",Mismatched,Low_level lexical trap,
Q_089,Video Conferencing Sales,"A multinational organization wants one Video Conference system across multiple countries, business units, subsidiaries, and regional offices, each with different requirements for administration, reporting, integrations, and user management. How would you coordinate the commercial strategy and negotiation process?",Mismatched,Low_level lexical trap,
Q_090,Video Conferencing Sales,"Several large Video Conference solution opportunities have completed evaluations involving platform integrations, room-device compatibility reviews, analytics validation, security assessments, and enterprise onboarding planning. What commercial indicators would you require before moving these opportunities into a committed forecast category?",Mismatched,Low_level lexical trap,
Q_091,Video Conferencing Sales,"A prospective customer is evaluating a Video Conference solution that includes cloud recording, analytics dashboards, identity management, webinar functionality, API integrations, and centralized administration. How would you build executive sponsorship and business urgency across the buying committee while maintaining forecast confidence?",Mismatched,Low_level lexical trap,
Q_092,Video Conferencing Sales,"During initial meetings, stakeholders spend significant time discussing security frameworks, SSO, compliance requirements, directory synchronization, governance policies, and platform integrations within the Video Conference system. How would you qualify the opportunity from a sales perspective and determine whether it deserves continued investment?",Mismatched,Low_level lexical trap,
Q_093,Video Conferencing Sales,"A customer is comparing multiple Video Conference solution packages with different combinations of meeting capacity, cloud storage, recording retention, administrative controls, analytics features, and room-system support. How would you guide the customer toward the most appropriate commercial package while maximizing long-term account value?",Mismatched,Low_level lexical trap,
Q_094,Video Conferencing Sales,"An enterprise plans to deploy a Video Conference platform in stages, beginning with core meetings and later expanding into webinars, virtual events, advanced analytics, collaboration tools, and enterprise integrations. How would you structure the sales process to secure an initial contract while creating a roadmap for future expansion?",Mismatched,Low_level lexical trap,
Q_095,Video Conferencing Sales,"A procurement team argues that competing Video Conference systems offer similar recording capabilities, reporting dashboards, administrative management, security controls, and integration options at a lower cost. How would you defend premium pricing and demonstrate the overall value of your solution?",Mismatched,Low_level lexical trap,
Q_096,Video Conferencing Sales,"A customer's Video Conference system usage has expanded across multiple departments, with increases in active users, webinar attendance, recording consumption, mobile participation, and workspace integrations. How would you identify cross-functional growth opportunities and negotiate an account expansion strategy?",Mismatched,Low_level lexical trap,
Q_097,Video Conferencing Sales,"A prospect is undergoing a merger and is reviewing its entire collaboration platform, including user management, governance models, room devices, identity systems, and enterprise communication tools. How would you position your Video Conference solution to capitalize on the transition while minimizing competitive risk?",Mismatched,Low_level lexical trap,
Q_098,Video Conferencing Sales,"Ahead of renewal, a customer reports stable system performance, strong adoption, and extensive use of analytics, reporting, compliance controls, and collaboration features, yet procurement is still considering alternative vendors. How would you diagnose the commercial risk and protect the renewal opportunity?",Mismatched,Low_level lexical trap,
Q_099,Video Conferencing Sales,"A systems integrator wants to resell your Video Conference solution alongside its portfolio of cloud services, enterprise software, identity platforms, analytics tools, and managed services. How would you evaluate the partnership opportunity, establish commercial expectations, and measure partner sales performance?",Mismatched,Low_level lexical trap,
Q_100,Video Conferencing Sales,"A global enterprise is evaluating a Video Conference system spanning multiple business units, geographic regions, administrative domains, compliance requirements, reporting structures, and integration environments. How would you build an account plan that addresses stakeholder alignment, contract structure, revenue growth, and long-term customer retention?",Mismatched,Low_level lexical trap,
Q_101,General backend development,"A production system is intermittently returning errors to users, but logs show no obvious single failure point. Describe how you would investigate the issue step by step, including: How you would collect evidence How you would isolate likely causes How you would communicate progress to stakeholders How you would prevent the issue from recurring",Weakly Aligned,Semantic dilution test,
Q_102,General backend development,Your backend integrates with an external identity-verification API run by a vendor. Design this integration. Authentication with the vendor's API Handling vendor latency or timeouts Avoiding duplicate verification requests Testing safely before production,Weakly Aligned,Semantic dilution test,
Q_103,General backend development,A database query that used to complete quickly now takes several seconds under increased traffic. How would you optimize the query and improve overall performance? Discuss: Indexing Query structure Connection usage Caching Measuring before and after changes,Weakly Aligned,Semantic dilution test,
Q_104,General backend development,"A communication platform needs a backend presence service that records whether users are online, offline, or temporarily disconnected. Explain how you would design: Heartbeat and stale-record handling Multiple devices for one user Concurrent state updates Cache and persistent storage Recovery when one presence-service instance fails",Weakly Aligned,Semantic dilution test,
Q_105,General backend development,"A web system receives uneven traffic across backend servers, causing some instances to become overloaded while others remain mostly idle. Why this situation can happen How load balancing helps What health checks are used for How you would verify that traffic distribution has improved",Weakly Aligned,Semantic dilution test,
Q_106,General backend development,"Describe a time when you had to work with product managers, QA engineers, infrastructure engineers, or frontend engineers to deliver a technical feature. How did you handle: Conflicting priorities Unclear requirements Technical disagreements Final delivery coordination",Weakly Aligned,Semantic dilution test,
Q_107,General backend development,"A service reads the same data frequently, and response time is becoming slow. Explain how you would use caching to improve system performance. Include: What data you would cache How long the cache should live How you would handle stale data What risks caching can introduce",Weakly Aligned,Semantic dilution test,
Q_108,General backend development,"During an outage, customers report that a service is unavailable. Describe your approach to incident management, including: Initial triage Escalation Rollback or mitigation Customer/internal communication Post-incident review",Weakly Aligned,Semantic dilution test,
Q_109,General backend development,One backend capability must be exposed as an API for both an internal admin tool and an external partner. Design this API to serve both well. Versioning for independent evolution Communicating breaking changes Handling malformed input API layer vs. client responsibilities,Weakly Aligned,Semantic dilution test,
Q_110,General backend development,"You are asked to optimize a backend service, but no one has clearly defined what ""slow"" means. How would you establish a performance baseline and decide what to improve? Cover: Metrics you would collect Test environment design Load testing Bottleneck identification How you would report results",Weakly Aligned,Semantic dilution test,
Q_111,General backend development,Your backend must authenticate both human users via password and machine clients via API keys. Design this authentication model. Routing the two auth flows Storing and rotating API keys Scoping each caller's permissions Revoking access quickly if compromised,Weakly Aligned,Semantic dilution test,
Q_112,General backend development,"Your team discovers a backend service has been logging sensitive user data in plaintext for months. Describe your response. Stopping the exposure immediately Assessing impact of logged data Preventing this mistake going forward Deciding what to disclose, and to whom",Weakly Aligned,Semantic dilution test,
Q_113,General backend development,"Design a backend API for scheduling online meetings. It must support creation, updates, cancellation, recurrence, and participants in different time zones. Resources and endpoints Validation and authorization Idempotent client requests Conflicting updates Backward-compatible API evolution",Weakly Aligned,Semantic dilution test,
Q_114,General backend development,Enterprise customers subscribe to meeting-lifecycle webhooks such as meeting.created and participant.joined. Design a reliable delivery service covering: Event schema and versioning Request signing Retries and backoff Duplicate delivery and idempotency Ordering expectations Dead-letter handling and monitoring,Weakly Aligned,Semantic dilution test,
Q_115,General backend development,"A platform stores recording files in object storage while a backend service manages their metadata. Design the service, covering: Meeting, owner, and tenant linkage Processing status Search and indexing Access control Retention and deletion Missing or partially uploaded objects",Weakly Aligned,Semantic dilution test,
Q_116,General backend development,"After a meeting ends, its recording may require transcription, thumbnail generation, and compliance scanning. Design the asynchronous workflow, covering job state and queues, retries and idempotency, partial failures, dead-letter handling, worker scaling, and user-visible processing status.",Weakly Aligned,Semantic dilution test,
Q_117,General backend development,A backend feature must generate a large report that takes several minutes. Design this asynchronously. Handing off work without blocking the request Notifying the user when ready Handling a job that fails partway Preventing duplicate concurrent generation,Weakly Aligned,Semantic dilution test,
Q_118,General backend development,"A production issue occurs shortly after a change you contributed to, but it is not yet clear whether your change caused the problem. What would you do? Describe how you would approach: Responsibility Investigation Communication Mitigation Follow-up improvements",Weakly Aligned,Semantic dilution test,
Q_119,General backend development,"A meeting platform sends invitations, reminders, and cancellation notices through email, push, and in-app channels. Design the notification backend, including: Templates and user preferences Scheduled delivery Large-list fan-out Deduplication Provider failures and rate limits Delivery monitoring",Weakly Aligned,Semantic dilution test,
Q_120,General backend development,A meeting service integrates with several third-party calendar providers. Design an integration layer covering: Provider adapters OAuth token refresh Rate-limit and transient-error handling Mapping external events to internal meetings Webhook synchronization Safe handling of provider API changes,Weakly Aligned,Semantic dilution test,
Q_121,General backend development,Session metadata must remain available if one cloud region fails. Design a cross-region approach. Discuss: Authoritative state Consistency requirements Conflict resolution Failover and stale reads Reconciliation after recovery How you would test the design,Weakly Aligned,Semantic dilution test,
Q_122,General backend development,Meeting plans allow different maximum participant counts. Design a mechanism that remains correct when many users join concurrently. Atomic capacity checks Duplicate and retry handling Capacity release after disconnects Administrator overrides Consistency across service instances Monitoring and alerts,Weakly Aligned,Semantic dilution test,
Q_123,General backend development,"Design the backend state for a meeting waiting room. Participants wait while hosts admit or reject them, and clients may reconnect. Discuss: Queue and participant states Authorization Concurrent host actions Timeouts Client state updates Failure recovery and scaling",Weakly Aligned,Semantic dilution test,
Q_124,General backend development,"Design a service that issues short-lived tokens for users joining a meeting. Identity, tenant, meeting, and role claims Expiry handling Signing-key rotation Revocation and replay protection Audit logging Behaviour when the token service is unavailable",Weakly Aligned,Semantic dilution test,
Q_125,General backend development,"Meeting-creation and join APIs receive sudden traffic bursts. Design distributed rate limiting, covering: Per-user, per-tenant, and global limits Counter storage Burst handling Internal-service exceptions Client retry information Failure behaviour and monitoring",Weakly Aligned,Semantic dilution test,
Q_126,General backend development,"A new meeting feature should be released gradually to selected tenants. All participants in the same meeting must observe consistent behaviour even when they use different client versions or connect through different backend instances. Design a feature-flag approach covering tenant targeting, meeting-level consistency, configuration propagation, backward compatibility, audit history, rollback, and safe defaults.",Weakly Aligned,Semantic dilution test,
Q_127,General backend development,"A regulated customer requires an audit trail for meeting-administration actions. Design the backend, including: Actor, action, target, time, and result Tamper-evident storage Retention and archival Search and reporting Access control Personal-data minimization",Weakly Aligned,Semantic dilution test,
Q_128,General backend development,A participant briefly loses connectivity and then rejoins a meeting. Design the backend recovery flow. Secure session identification Reconnect grace periods Idempotent rejoin Duplicate-connection handling Stale-state cleanup Replaying missed state changes,Weakly Aligned,Semantic dilution test,
Q_129,General backend development,"Your backend runs scheduled background jobs (cleanup, reporting, syncing) via a job scheduler. Design for reliability. Preventing concurrent duplicate runs Handling jobs that repeatedly fail Monitoring whether jobs keep pace Changing a schedule without missing or duplicating a run",Weakly Aligned,Semantic dilution test,
Q_130,General backend development,"A communication platform contains separate session, notification, and recording-metadata services. Design health monitoring for them, covering: Liveness and readiness Service-level indicators Metrics, logs, and tracing Dependency failures Alert thresholds Dashboards and alert-storm prevention",Weakly Aligned,Semantic dilution test,
Q_131,General backend development,"You need to design a database schema for an audit logging system that records user actions, timestamps, affected resources, and operation results. Explain how you would design the tables and fields. Discuss: Primary keys and foreign keys Timestamp storage Query patterns for searching logs Retention and archival strategy How you would optimize storage and query performance",Weakly Aligned,Semantic dilution test,
Q_132,General backend development,"A new application needs to store user profiles, activity history, configuration data, and high-volume event records. How would you decide whether to use a relational database, a non-relational database, or both? Data structure requirements Consistency needs Query complexity Scalability expectations Long-term management and maintenance considerations",Weakly Aligned,Semantic dilution test,
Q_133,General backend development,A production system requires a schema change that adds new fields and modifies an existing table used by multiple services. How would you plan and execute the migration safely? Cover: Backward compatibility Migration scripts Rollback planning Data validation Deployment sequencing How to avoid downtime or service disruption,Weakly Aligned,Semantic dilution test,
Q_134,General backend development,"A database is experiencing heavy read traffic, causing slow response times for user-facing requests. How could read replicas help improve system performance? Discuss: Read/write separation Replication lag Failover considerations Which queries should use replicas Risks of reading stale data",Weakly Aligned,Semantic dilution test,
Q_135,General backend development,A backend service starts failing intermittently because it runs out of available database connections during peak traffic. How would you investigate and resolve the issue? Connection pool sizing Long-running queries Leaked connections Transaction duration Monitoring metrics Ways to optimize connection management,Weakly Aligned,Semantic dilution test,
Q_136,General backend development,"A multi-tenant meeting backend must stop one large customer from degrading service for others. Design controls for: Tenant identity propagation Data and authorization isolation Quotas and rate limits Resource accounting Tenant configuration Audit, monitoring, and noisy-neighbour testing",Weakly Aligned,Semantic dilution test,
Q_137,General backend development,"A service that normally responds in under 200 ms now frequently takes more than 2 seconds. Describe how you would investigate the performance regression. Include: Metrics you would check first How you would compare current and historical behavior How you would identify whether the issue is caused by code, database, infrastructure, or traffic patterns How you would validate that the fix worked",Weakly Aligned,Semantic dilution test,
Q_138,General backend development,"Participant join, leave, and meeting-status changes must reach downstream notification and analytics services. Design the event stream, covering: Schema versioning Partitioning and ordering Duplicate events Replay and retention Consumer lag and back-pressure Dead-letter handling",Weakly Aligned,Semantic dilution test,
Q_139,General backend development,Only one participant should control content sharing at a time. Design the backend coordination state without discussing media transport. Acquiring and releasing control Concurrent requests Heartbeat and timeout rules Host override Disconnect cleanup State distribution and recovery,Weakly Aligned,Semantic dilution test,
Q_140,General backend development,Your team is migrating a backend service from an on-premises data center to the cloud. Plan this migration. Sequencing what moves first vs. last Keeping the service available throughout Validating cloud behavior matches on-prem Rolling back if migration fails badly,Weakly Aligned,Semantic dilution test,
Q_141,General backend development,"Two backend services must stay in sync: one updates a record, the other must eventually reflect it. Design this synchronization. Sync vs. eventual consistency Resolving conflicting updates Recovering from downtime during an update Verifying the two haven't drifted apart",Weakly Aligned,Semantic dilution test,
Q_142,General backend development,Your team is preparing to hand over a service to an operations team. What documentation would you create to support long-term management of the system? Include: Deployment steps Configuration details Common failure scenarios Monitoring dashboards Alert descriptions Rollback procedures Escalation paths,Weakly Aligned,Semantic dilution test,
Q_143,General backend development,"Traffic rises sharply before a company-wide online meeting and the gateway approaches capacity. Design overload protection covering: Queuing and back-pressure Load shedding and priorities Circuit breakers Autoscaling signals Graceful degradation Client errors, retries, and load testing",Weakly Aligned,Semantic dilution test,
Q_144,General backend development,"A customer-facing system is degraded, and several teams are investigating. How would you communicate during the incident? What information should be shared early How often updates should be sent How to avoid speculation How to coordinate technical teams How to summarize the resolution after recovery",Weakly Aligned,Semantic dilution test,
Q_145,General backend development,"Your team depends on an API owned by another team, which is planning a breaking change. Manage this dependency. Learning about the change early enough Negotiating a workable migration timeline Testing against the change before it ships Handling a slipping timeline",Weakly Aligned,Semantic dilution test,
Q_146,General backend development,"Design a backend service that manages meeting-session creation, joining, leaving, and unexpected disconnection. Session-state storage API operations Authentication and authorization Idempotent requests Participant cleanup Recovery when a service instance fails",Weakly Aligned,Semantic dilution test,
Q_147,General backend development,"A backend service stores metadata for real-time communication sessions. Design the data model, covering: Session and participant records Status and timestamps Client capability metadata Historical-session queries Indexes Retention and archival",Weakly Aligned,Semantic dilution test,
Q_148,General backend development,A backend gateway connects two communication platforms that use different session models. Explain how you would design: Request validation Session-data mapping Error translation Authentication Logging and tracing Concurrent-load and failure testing,Weakly Aligned,Semantic dilution test,
Q_149,General backend development,You are responsible for monitoring backend services that support real-time sessions. Define useful metrics for: Session-setup success and latency Active and failed sessions Resource and connection usage Dependency health Alert thresholds Dashboards and incident investigation,Weakly Aligned,Semantic dilution test,
Q_150,General backend development,A communication platform is growing from hundreds to tens of thousands of concurrent users. Explain how you would scale session and participant services using: Horizontal scaling and load balancing Stateless and stateful components Distributed storage and caching Failure recovery Capacity and reliability testing,Weakly Aligned,Semantic dilution test,
Q_151,Video Conferencing Solution,"Your enterprise customer has legacy H.323 room systems and is migrating to a SIP-based conferencing platform. A user on an H.323 endpoint cannot successfully join a SIP-hosted virtual meeting room. Walk through the complete end-to-end call setup process and identify the role of: Q.931 H.225 H.245 H.235 SIP SDP At which stages would protocol translation be required, and how would you troubleshoot a failure where call signaling succeeds but media never establishes?",Aligned,True positive,
Q_152,Video Conferencing Solution,You need to integrate browser-based WebRTC clients with a traditional SIP trunk connected to the PSTN. Design the signaling and media path from: Browser → WebRTC Edge → SIP Core → PSTN Where RTP becomes SRTP and vice versa How SDP negotiation is mapped between WebRTC and SIP Which components terminate ICE negotiation How codec mismatches are resolved Which elements introduce the largest latency penalties,Aligned,True positive,
Q_153,Video Conferencing Solution,"A customer plans to support: 5,000 concurrent users 200 active multiparty meetings Mixed endpoint capabilities Limited server budget Compare a centralized AVC MCU architecture against an SVC/SFU-based architecture. Specifically discuss: CPU consumption Network bandwidth utilization Transcoding requirements Media quality adaptation Conference scale limits Failure domains Then justify which architecture you would recommend and why.",Aligned,True positive,
Q_154,Video Conferencing Solution,A multinational organization requires: Active-active deployment across two data centers No single point of failure Automatic failover during node loss Design the media cluster architecture. Conference state management Media resource pooling Cascading between media servers Load balancing strategy Session stickiness requirements Recovery behavior when a media node crashes during an active conference.,Aligned,True positive,
Q_155,Video Conferencing Solution,"Users can see conference video normally, but presentation sharing fails intermittently. The environment uses H.239 and BFCP for dual-stream transmission. Describe: The signaling sequence required to establish dual streams The media flows involved Common failure points How you would verify whether the issue is caused by endpoint capability negotiation, conference policy restrictions, or media-engine resource exhaustion.",Aligned,True positive,
Q_156,Video Conferencing Solution,"A remote participant joins a 4K conference over an unstable network experiencing: 5% packet loss 80 ms jitter Variable bandwidth Audio remains intelligible, but video freezes repeatedly. Explain how you would tune: Jitter buffers RTP/RTCP behavior Codec parameters (H.264/H.265) Keyframe generation strategy Audio/video synchronization mechanisms Describe the trade-offs between latency, smoothness, and image quality.",Aligned,True positive,
Q_157,Video Conferencing Solution,"A conferencing platform supports: Virtual Meeting Rooms (VMRs) IVR access URI dialing Direct IP dialing The business requires support for: 50,000 registered users 8,000 simultaneous conference participants Describe how you would model and allocate: Media ports Conference resources VMR capacity IVR resources Signaling capacity What metrics would determine whether the bottleneck is in the conference control layer or the media processing layer?",Aligned,True positive,
Q_158,Video Conferencing Solution,A boardroom contains: Two 4K cameras Three presentation sources Multiple displays DSP audio processor PoE touch panel Wireless presentation gateway Design the complete signal flow from source acquisition to conference transmission. HDMI routing Audio transport using XLR/RCA Control signaling Optical versus electrical transmission choices Failure risks introduced by each stage of the signal chain.,Aligned,True positive,
Q_159,Video Conferencing Solution,"A customer reports: Echo during meetings Inconsistent microphone volume Excessive background noise Design the real-time audio processing chain and explain the ordering and interaction of: AEC ANS AGC Why does algorithm order matter, and what artifacts would you expect if AGC is applied before ANS or if AEC is incorrectly tuned?",Aligned,True positive,
Q_160,Video Conferencing Solution,"An enterprise wants a real-time meeting assistant capable of: Listening to conference audio Producing live subtitles Calling external tools through MCP/function-calling Responding with synthesized speech during the meeting Design the complete low-latency architecture from conference media ingestion to AI response delivery. ASR streaming pipeline LLM orchestration layer MCP/function-calling workflow TTS generation Media reinjection into the conference Latency budget allocation across each component Finally, identify the biggest technical bottleneck that would prevent the experience from feeling truly real-time.",Aligned,True positive,
Q_161,Video Conferencing Solution,"In a WebRTC-based video conference, both RTP and RTCP packets are exchanged. What RTP is responsible for What RTCP is responsible for Why both protocols are required What problems would occur if RTCP packets were blocked while RTP continued to flow",Aligned,True positive,
Q_162,Video Conferencing Solution,A SIP endpoint successfully registers to a SIP server and then initiates a call to another user. Describe the purpose of: SIP URI INVITE SDP 180 Ringing 200 OK ACK At which step are codec negotiation and media parameters determined?,Aligned,True positive,
Q_163,Video Conferencing Solution,Most real-time conferencing systems prefer UDP for media transport. Why UDP is generally preferred over TCP for audio/video conferencing Under what conditions TCP transport might still be used The impact of retransmissions on real-time user experience,Aligned,True positive,
Q_164,Video Conferencing Solution,URI dialing Direct IP dialing IVR access Virtual Meeting Rooms (VMRs) Explain how a user joins a conference using each method and describe one enterprise scenario where each method is most appropriate.,Aligned,True positive,
Q_165,Video Conferencing Solution,An MCU hosts a meeting with 20 participants. Why does enabling: Video compositing Multiple conference layouts Resolution upgrades from 1080p to 4K typically increase server resource consumption? Which resources are likely to become bottlenecks first?,Aligned,True positive,
Q_166,Video Conferencing Solution,Your customer is planning a 4K video conferencing deployment. Compare H.264 and H.265 in terms of: Compression efficiency Bandwidth requirements Computational complexity Typical deployment considerations Why is H.265 often preferred for 4K conferencing?,Aligned,True positive,
Q_167,Video Conferencing Solution,You are designing a conferencing solution for two scenarios: A low-bandwidth voice-only environment A premium boardroom meeting requiring high audio quality Among the following codecs: Opus AAC AAC-LD G.711 G.722 G.729 Which codecs would you prioritize for each scenario and why?,Aligned,True positive,
Q_168,Video Conferencing Solution,A customer reports that speakers' lip movements lag several hundred milliseconds behind the audio. Describe: What A/V synchronization means Common causes of A/V sync problems Which system components you would investigate first How jitter buffering could influence the issue,Aligned,True positive,
Q_169,Video Conferencing Solution,A meeting room contains: A camera Microphones Codec appliance Display screens PoE touch controller Explain the role of each device during a video conference and how they interact to create the complete meeting-room experience.,Aligned,True positive,
Q_170,Video Conferencing Solution,A meeting assistant provides: Live transcription Real-time subtitles Spoken AI responses Describe the function of: ASR LLM TTS and explain the sequence in which they process information during a live conference.,Aligned,True positive,
Q_171,Video Conferencing Solution,What is the primary role of an MCU in a video conferencing system? What functions it performs Why it is needed in multiparty meetings How it differs from a simple point-to-point call,Aligned,True positive,
Q_172,Video Conferencing Solution,A user is given the address: sip:alice@company.com What is a SIP URI? How is it similar to and different from: An email address An IP address A telephone number,Aligned,True positive,
Q_173,Video Conferencing Solution,The capability profile mentions H.235 and SRTP. Why is media encryption important in enterprise video conferencing? Provide examples of what risks may occur if signaling or media traffic is not encrypted.,Aligned,True positive,
Q_174,Video Conferencing Solution,What is the difference between: 720p 1080p 4K UHD How does increasing resolution affect: Bandwidth consumption Processing requirements user experience,Aligned,True positive,
Q_175,Video Conferencing Solution,What is a Virtual Meeting Room (VMR)? Why do enterprises often prefer permanent VMRs instead of creating a new meeting space for every conference?,Aligned,True positive,
Q_176,Video Conferencing Solution,"During a meeting, a participant shares a PowerPoint presentation while their camera remains on. Why is presentation content often transmitted separately from camera video? What benefits does this provide to meeting participants?",Aligned,True positive,
Q_177,Video Conferencing Solution,Name three network characteristics that are important for a good conferencing experience. Explain why the following matter: Bandwidth Latency Packet loss,Aligned,True positive,
Q_178,Video Conferencing Solution,"Modern conferencing systems support layouts such as: Speaker view Gallery view Multi-window layouts What are the advantages of each layout, and in which meeting scenarios would they typically be used?",Aligned,True positive,
Q_179,Video Conferencing Solution,What is Acoustic Echo Cancellation (AEC)? Describe a meeting-room scenario where echo occurs and explain how AEC improves the meeting experience.,Aligned,True positive,
Q_180,Video Conferencing Solution,What is CPaaS (Communications platform as a Service)? Provide examples of how an enterprise application could use CPaaS APIs to add: Voice calling Video conferencing Chat messaging without building a communication platform from scratch.,Aligned,True positive,
Q_181,Video Conferencing Solution,"What is WebRTC, and why is it widely used for browser-based audio and video conferencing? Describe its main advantages compared to requiring users to install a dedicated conferencing client.",Aligned,True positive,
Q_182,Video Conferencing Solution,"A video conference carries both audio and video streams. What is the purpose of RTP, and what kinds of data are typically transported using RTP in a conferencing system?",Aligned,True positive,
Q_183,Video Conferencing Solution,A conference room contains several microphones connected to the conferencing system. Why might a room require multiple microphones instead of a single microphone? What problems can occur if microphone placement is poor?,Aligned,True positive,
Q_184,Video Conferencing Solution,The capability profile mentions PoE touch panels. What does PoE (Power over Ethernet) mean? What advantages does PoE provide when deploying meeting-room control devices?,Aligned,True positive,
Q_185,Video Conferencing Solution,HDMI is commonly used in meeting rooms. Give two examples of equipment that may be connected using HDMI and explain what type of signals HDMI typically carries.,Aligned,True positive,
Q_186,Video Conferencing Solution,"Before audio is transmitted across the network, it is encoded using a codec such as Opus or G.711. Why is audio encoding necessary? What would happen if raw audio data were transmitted without compression?",Aligned,True positive,
Q_187,Video Conferencing Solution,"During a video meeting, users report: Blurry video Occasional video freezes Audio remains clear Why might insufficient network bandwidth be a possible cause? What observations would support this diagnosis?",Aligned,True positive,
Q_188,Video Conferencing Solution,Define screen sharing. List three examples of content commonly shared during business meetings and explain why screen sharing is important in collaboration scenarios.,Aligned,True positive,
Q_189,Video Conferencing Solution,"Enterprise customers often request high-availability conferencing solutions. What does ""high availability"" mean in a video conferencing environment? Provide an example of a business impact that could occur if conferencing services become unavailable.",Aligned,True positive,
Q_190,Video Conferencing Solution,A meeting assistant can generate live captions from participant speech. Describe the high-level process from: Participant speaks → Caption appears on screen What role does speech recognition play in this workflow?,Aligned,True positive,
Q_191,Video Conferencing Solution,An enterprise wants users in a video conferencing platform to dial external telephone numbers through a SIP trunk. The role of the SIP trunk How call routing decisions are made Where number translation may occur How you would validate that signaling and media are flowing correctly between the conferencing platform and the SIP service provider,Aligned,True positive,
Q_192,Video Conferencing Solution,During a conference call: Both parties establish the call successfully Video works normally Only one side can hear audio Describe a structured troubleshooting process. Which areas would you investigate first? SDP negotiation Codec compatibility RTP flow Firewall/network policies Media server configuration,Aligned,True positive,
Q_193,Video Conferencing Solution,"In an SVC-based conferencing platform, participants join using a mixture of: Desktop clients Mobile devices Low-bandwidth remote links Explain how selective forwarding allows different participants to receive different media streams. What advantages does this provide compared with sending identical media to all participants?",Aligned,True positive,
Q_194,Video Conferencing Solution,"An organization operates media servers in three geographical regions. What conference cascading means Why cascading might be used instead of hosting all participants on a single MCU The benefits and drawbacks of this approach Consider bandwidth, latency, and resource utilization in your answer.",Aligned,True positive,
Q_195,Video Conferencing Solution,A meeting room solution supports: Voice-activated switching Multi-window display Automatic layouts Describe how a conferencing platform might automatically determine which participant should be highlighted as the active speaker. What information from the audio and conference-control layers could be used to drive the layout decision?,Aligned,True positive,
Q_196,Video Conferencing Solution,What is the purpose of a video codec such as H.264 or H.265? Why can video conferencing systems not simply transmit uncompressed video across enterprise networks?,Aligned,True positive,
Q_197,Video Conferencing Solution,The capability profile refers to video endpoints. Give three examples of conferencing endpoints and explain how endpoints differ from media servers in a conferencing architecture.,Aligned,True positive,
Q_198,Video Conferencing Solution,"Many conferencing platforms require users to enter a meeting number, room number, or virtual meeting room identifier. What benefits does this provide for conference management and participant access?",Aligned,True positive,
Q_199,Video Conferencing Solution,What is packet loss? How might packet loss affect: Audio quality Video quality Presentation sharing Which media type is generally perceived as more sensitive by end users during a business meeting?,Aligned,True positive,
Q_200,Video Conferencing Solution,A conferencing platform displays live subtitles while participants are speaking. How speech is converted into text Where subtitles are typically generated Two business benefits of real-time subtitles during meetings,Aligned,True positive,
